Symbol,Security,SEC filings,GICS Sector,GICS Sub Industry,Headquarters Location,Date first added,CIK,Founded,Wikipedia Company Page URL,Company Name
MMM,3M Company,reports,Industrials,Industrial Conglomerates,"St. Paul, Minnesota",,66740,1902,https://en.wikipedia.org/wiki/3M,3M
AOS,A.O. Smith Corp,reports,Industrials,Building Products,"Milwaukee, Wisconsin",7/26/2017,91142,1916,https://en.wikipedia.org/wiki/A.O._Smith_Corp,A. O. Smith
ABT,Abbott Laboratories,reports,Health Care,Health Care Equipment,"North Chicago, Illinois",3/31/1964,1800,1888,https://en.wikipedia.org/wiki/Abbott_Laboratories,Abbott Laboratories
ABBV,AbbVie Inc.,reports,Health Care,Pharmaceuticals,"North Chicago, Illinois",12/31/2012,1551152,2013 (1888),https://en.wikipedia.org/wiki/AbbVie_Inc.,AbbVie
ABMD,ABIOMED Inc,reports,Health Care,Health Care Equipment,"Danvers, Massachusetts",5/31/2018,815094,1981,https://en.wikipedia.org/wiki/Abiomed,Abiomed
ACN,Accenture plc,reports,Information Technology,IT Consulting & Other Services,"Dublin, Ireland",7/6/2011,1467373,1989,https://en.wikipedia.org/wiki/Accenture_plc,Accenture
ATVI,Activision Blizzard,reports,Communication Services,Interactive Home Entertainment,"Santa Monica, California",8/31/2015,718877,2008,https://en.wikipedia.org/wiki/Activision_Blizzard,Activision Blizzard
ADM,Archer-Daniels-Midland Co,reports,Consumer Staples,Agricultural Products,"Chicago, Illinois",7/29/1981,7084,1902,https://en.wikipedia.org/wiki/Archer-Daniels-Midland_Co,ADM
ADBE,Adobe Systems Inc,reports,Information Technology,Application Software,"San Jose, California",5/5/1997,796343,1982,https://en.wikipedia.org/wiki/Adobe_Systems_Inc,Adobe Inc.
ADP,Automatic Data Processing,reports,Information Technology,Internet Services & Infrastructure,"Roseland, New Jersey",3/31/1981,8670,,https://en.wikipedia.org/wiki/Automatic_Data_Processing,ADP
AAP,Advance Auto Parts,reports,Consumer Discretionary,Automotive Retail,"Raleigh, North Carolina",7/9/2015,1158449,1932,https://en.wikipedia.org/wiki/Advance_Auto_Parts,Advance Auto Parts
AMD,Advanced Micro Devices Inc,reports,Information Technology,Semiconductors,"Sunnyvale, California",3/20/2017,2488,1969,https://en.wikipedia.org/wiki/Advanced_Micro_Devices_Inc,Advanced Micro Devices
AES,AES Corp,reports,Utilities,Independent Power Producers & Energy Traders,"Arlington, Virginia",10/2/1998,874761,1981,https://en.wikipedia.org/wiki/AES_Corp,AES Corporation
AFL,AFLAC Inc,reports,Financials,Life & Health Insurance,"Columbus, Georgia",5/28/1999,4977,1955,https://en.wikipedia.org/wiki/AFLAC_Inc,Aflac
A,Agilent Technologies Inc,reports,Health Care,Health Care Equipment,"Santa Clara, California",6/5/2000,1090872,1999,https://en.wikipedia.org/wiki/Agilent_Technologies_Inc,Agilent Technologies
AIV,Apartment Investment & Management,reports,Real Estate,Residential REITs,"Denver, Colorado",3/14/2003,922864,1994 (1975),https://en.wikipedia.org/wiki/Apartment_Investment_%26_Management,Aimco
APD,Air Products & Chemicals Inc,reports,Materials,Industrial Gases,"Allentown, Pennsylvania",4/30/1985,2969,1940,https://en.wikipedia.org/wiki/Air_Products_%26_Chemicals_Inc,Air Products
AKAM,Akamai Technologies Inc,reports,Information Technology,Internet Services & Infrastructure,"Cambridge, Massachusetts",7/12/2007,1086222,1998,https://en.wikipedia.org/wiki/Akamai_Technologies_Inc,Akamai Technologies
ALK,Alaska Air Group Inc,reports,Industrials,Airlines,"Seattle, Washington",5/13/2016,766421,1985,https://en.wikipedia.org/wiki/Alaska_Air_Group_Inc,Alaska Air Group
ALB,Albemarle Corp,reports,Materials,Specialty Chemicals,"Charlotte, North Carolina",7/1/2016,915913,1994,https://en.wikipedia.org/wiki/Albemarle_Corp,Albemarle Corporation
ARE,Alexandria Real Estate Equities,reports,Real Estate,Office REITs,"Pasadena, California",3/20/2017,1035443,1994,https://en.wikipedia.org/wiki/Alexandria_Real_Estate_Equities,Alexandria Real Estate Equities
ALXN,Alexion Pharmaceuticals,reports,Health Care,Biotechnology,"Boston, Massachusetts",5/25/2012,899866,1992,https://en.wikipedia.org/wiki/Alexion_Pharmaceuticals,Alexion Pharmaceuticals
ALGN,Align Technology,reports,Health Care,Health Care Supplies,"San Jose, California",6/19/2017,1097149,1997,https://en.wikipedia.org/wiki/Align_Technology,Align Technology
ALLE,Allegion,reports,Industrials,Building Products,"Dublin, Ireland",12/2/2013,1579241,1908,https://en.wikipedia.org/wiki/Allegion,Allegion
AGN,"Allergan, plc",reports,Health Care,Pharmaceuticals,"Dublin, Ireland",4/12/1999,1578845,1983,"https://en.wikipedia.org/wiki/Allergan,_plc",Allergan
LNT,Alliant Energy Corp,reports,Utilities,Electric Utilities,"Madison, Wisconsin",7/1/2016,352541,1917,https://en.wikipedia.org/wiki/Alliant_Energy_Corp,Alliant Energy
ALL,Allstate Corp,reports,Financials,Property & Casualty Insurance,"Northfield Township, Illinois",7/13/1995,899051,1931,https://en.wikipedia.org/wiki/Allstate_Corp,Allstate
MO,Altria Group Inc,reports,Consumer Staples,Tobacco,"Richmond, Virginia",,764180,1985,https://en.wikipedia.org/wiki/Altria_Group_Inc,Altria
AMZN,Amazon.com Inc.,reports,Consumer Discretionary,Internet & Direct Marketing Retail,"Seattle, Washington",11/18/2005,1018724,1994,https://en.wikipedia.org/wiki/Amazon.com_Inc.,Amazon
AMCR,Amcor plc,reports,Materials,Paper Packaging,"Warmley, Bristol, United Kingdom",6/7/2019,1748790,,https://en.wikipedia.org/wiki/Amcor_plc,Amcor
AEE,Ameren Corp,reports,Utilities,Multi-Utilities,"St. Louis, Missouri",9/19/1991,1002910,1902,https://en.wikipedia.org/wiki/Ameren_Corp,Ameren
AAL,American Airlines Group,reports,Industrials,Airlines,"Fort Worth, Texas",3/23/2015,6201,1934,https://en.wikipedia.org/wiki/American_Airlines_Group,American Airlines Group
AEP,American Electric Power,reports,Utilities,Electric Utilities,"Columbus, Ohio",,4904,1906,https://en.wikipedia.org/wiki/American_Electric_Power,American Electric Power
AXP,American Express Co,reports,Financials,Consumer Finance,"New York, New York",6/30/1976,4962,1850,https://en.wikipedia.org/wiki/American_Express_Co,American Express
AIG,American International Group,reports,Financials,Property & Casualty Insurance,"New York, New York",3/31/1980,5272,1919,https://en.wikipedia.org/wiki/American_International_Group,American International Group
AMT,American Tower Corp.,reports,Real Estate,Specialized REITs,"Boston, Massachusetts",11/19/2007,1053507,1995,https://en.wikipedia.org/wiki/American_Tower_Corp.,American Tower
AWK,American Water Works Company Inc,reports,Utilities,Water Utilities,"Camden, New Jersey",3/4/2016,1410636,1886,https://en.wikipedia.org/wiki/American_Water_Works,American Water
AMP,Ameriprise Financial,reports,Financials,Asset Management & Custody Banks,"Minneapolis, Minnesota",10/3/2005,820027,1894,https://en.wikipedia.org/wiki/Ameriprise_Financial,Ameriprise Financial
ABC,AmerisourceBergen Corp,reports,Health Care,Health Care Distributors,"Chesterbrook, Pennsylvania",8/30/2001,1140859,1985,https://en.wikipedia.org/wiki/AmerisourceBergen_Corp,AmerisourceBergen
AME,AMETEK Inc.,reports,Industrials,Electrical Components & Equipment,"Berwyn, Pennsylvania",9/23/2013,1037868,1930,https://en.wikipedia.org/wiki/AMETEK_Inc.,Ametek
AMGN,Amgen Inc.,reports,Health Care,Biotechnology,"Thousand Oaks, California",1/2/1992,318154,1980,https://en.wikipedia.org/wiki/Amgen_Inc.,Amgen
APH,Amphenol Corp,reports,Information Technology,Electronic Components,"Wallingford, Connecticut",9/30/2008,820313,1932,https://en.wikipedia.org/wiki/Amphenol_Corp,Amphenol
ADI,"Analog Devices, Inc.",reports,Information Technology,Semiconductors,"Norwood, Massachusetts",10/12/1999,6281,1965,"https://en.wikipedia.org/wiki/Analog_Devices,_Inc.",Analog Devices
ANSS,ANSYS,reports,Information Technology,Application Software,"Canonsburg, Pennsylvania",6/19/2017,1013462,1969,https://en.wikipedia.org/wiki/ANSYS,Ansys
AON,Aon plc,reports,Financials,Insurance Brokers,"London, United Kingdom",4/23/1996,315293,1982 (1919),https://en.wikipedia.org/wiki/Aon_plc,Aon
APA,Apache Corporation,reports,Energy,Oil & Gas Exploration & Production,"Houston, Texas",7/28/1997,6769,1954,https://en.wikipedia.org/wiki/Apache_Corporation,Apache
AAPL,Apple Inc.,reports,Information Technology,"Technology Hardware, Storage & Peripherals","Cupertino, California",11/30/1982,320193,1977,https://en.wikipedia.org/wiki/Apple_Inc.,Apple Inc.
AMAT,Applied Materials Inc.,reports,Information Technology,Semiconductor Equipment,"Santa Clara, California",3/16/1995,6951,1967,https://en.wikipedia.org/wiki/Applied_Materials_Inc.,Applied Materials
APTV,Aptiv PLC,reports,Consumer Discretionary,Auto Parts & Equipment,"Dublin, Ireland",12/24/2012,1521332,1994,https://en.wikipedia.org/wiki/Aptiv_PLC,Aptiv
ARNC,Arconic Inc.,reports,Industrials,Aerospace & Defense,"New York, New York",3/31/1964,4281,2016,https://en.wikipedia.org/wiki/Arconic_Inc.,Arconic
ANET,Arista Networks,reports,Information Technology,Communications Equipment,"Santa Clara, California",8/28/2018,1596532,2004,https://en.wikipedia.org/wiki/Arista_Networks,Arista Networks
AJG,Arthur J. Gallagher & Co.,reports,Financials,Insurance Brokers,"Itasca, Illinois",5/31/2016,354190,,https://en.wikipedia.org/wiki/Arthur_J._Gallagher_%26_Co.,Arthur J. Gallagher & Co.
AIZ,Assurant,reports,Financials,Multi-line Insurance,"New York, New York",4/10/2007,1267238,,https://en.wikipedia.org/wiki/Assurant,Assurant
T,AT&T Inc.,reports,Communication Services,Integrated Telecommunication Services,"Dallas, Texas",11/30/1983,732717,1983,https://en.wikipedia.org/wiki/AT%26T_Inc.,AT&T
ATO,Atmos Energy Corp,reports,Utilities,Gas Utilities,"Dallas, Texas",2/15/2019,731802,1906,https://en.wikipedia.org/wiki/Atmos_Energy_Corp,Atmos Energy
ADSK,Autodesk Inc.,reports,Information Technology,Application Software,"San Rafael, California",12/1/1989,769397,,https://en.wikipedia.org/wiki/Autodesk_Inc.,Autodesk
AZO,AutoZone Inc,reports,Consumer Discretionary,Specialty Stores,"Memphis, Tennessee",1/2/1997,866787,,https://en.wikipedia.org/wiki/AutoZone_Inc,AutoZone
AVB,"AvalonBay Communities, Inc.",reports,Real Estate,Residential REITs,"Arlington, Virginia[3]",1/10/2007,915912,,"https://en.wikipedia.org/wiki/AvalonBay_Communities,_Inc.",AvalonBay Communities
AVY,Avery Dennison Corp,reports,Materials,Paper Packaging,"Glendale, California",12/31/1987,8818,,https://en.wikipedia.org/wiki/Avery_Dennison_Corp,Avery Dennison
BKR,Baker Hughes Co,reports,Energy,Oil & Gas Equipment & Services,"Houston, Texas",7/7/2017,1701605,2017,https://en.wikipedia.org/wiki/Baker_Hughes,Baker Hughes
BLL,Ball Corp,reports,Materials,Metal & Glass Containers,"Broomfield, Colorado",10/31/1984,9389,,https://en.wikipedia.org/wiki/Ball_Corp,Ball Corporation
BAC,Bank of America Corp,reports,Financials,Diversified Banks,"Charlotte, North Carolina",6/30/1976,70858,,https://en.wikipedia.org/wiki/Bank_of_America_Corp,Bank of America
LB,L Brands Inc.,reports,Consumer Discretionary,Apparel Retail,"Columbus, Ohio",9/30/1983,701985,,https://en.wikipedia.org/wiki/L_Brands_Inc.,"Bath & Body Works, Inc."
BAX,Baxter International Inc.,reports,Health Care,Health Care Equipment,"Deerfield, Illinois",9/30/1972,10456,1931,https://en.wikipedia.org/wiki/Baxter_International_Inc.,Baxter International
BDX,Becton Dickinson,reports,Health Care,Health Care Equipment,"Franklin Lakes, New Jersey",9/30/1972,10795,1897,https://en.wikipedia.org/wiki/Becton_Dickinson,BD
BRK.B,Berkshire Hathaway,reports,Financials,Multi-Sector Holdings,"Omaha, Nebraska",2/16/2010,1067983,,https://en.wikipedia.org/wiki/Berkshire_Hathaway,Berkshire Hathaway
BBY,Best Buy Co. Inc.,reports,Consumer Discretionary,Computer & Electronics Retail,"Richfield, Minnesota",6/29/1999,764478,,https://en.wikipedia.org/wiki/Best_Buy_Co._Inc.,Best Buy
BIIB,Biogen Inc.,reports,Health Care,Biotechnology,"Cambridge, Massachusetts",11/13/2003,875045,,https://en.wikipedia.org/wiki/Biogen_Inc.,Biogen
BLK,BlackRock,reports,Financials,Asset Management & Custody Banks,"New York, New York",4/4/2011,1364742,,https://en.wikipedia.org/wiki/BlackRock,BlackRock
BK,The Bank of New York Mellon Corp.,reports,Financials,Asset Management & Custody Banks,"New York, New York",3/31/1995,1390777,,https://en.wikipedia.org/wiki/The_Bank_of_New_York_Mellon_Corp.,BNY Mellon
BA,Boeing Company,reports,Industrials,Aerospace & Defense,"Chicago, Illinois",,12927,1916,https://en.wikipedia.org/wiki/Boeing_Company,Boeing
BWA,BorgWarner,reports,Consumer Discretionary,Auto Parts & Equipment,"Auburn Hills, Michigan",12/19/2011,908255,,https://en.wikipedia.org/wiki/BorgWarner,BorgWarner
BXP,Boston Properties,reports,Real Estate,Office REITs,"Boston, Massachusetts",4/3/2006,1037540,,https://en.wikipedia.org/wiki/Boston_Properties,Boston Properties
BSX,Boston Scientific,reports,Health Care,Health Care Equipment,"Marlborough, Massachusetts[4]",2/24/1995,885725,,https://en.wikipedia.org/wiki/Boston_Scientific,Boston Scientific
ADS,Alliance Data Systems,reports,Information Technology,Data Processing & Outsourced Services,"Plano, Texas",12/23/2013,1101215,1996,https://en.wikipedia.org/wiki/Alliance_Data_Systems,Bread Financial
BMY,Bristol-Myers Squibb,reports,Health Care,Health Care Distributors,"New York, New York",,14272,1989,https://en.wikipedia.org/wiki/Bristol-Myers_Squibb,Bristol Myers Squibb
AVGO,Broadcom Inc.,reports,Information Technology,Semiconductors,"San Jose, California",5/8/2014,1730168,,https://en.wikipedia.org/wiki/Broadcom_Inc.,Broadcom Inc.
BR,Broadridge Financial Solutions,reports,Information Technology,Data Processing & Outsourced Services,"Lake Success, New York",6/18/2018,1383312,1962,https://en.wikipedia.org/wiki/Broadridge_Financial_Solutions,Broadridge Financial Solutions
BF.B,Brown-Forman Corp.,reports,Consumer Staples,Distillers & Vintners,"Louisville, Kentucky",10/31/1982,14693,,https://en.wikipedia.org/wiki/Brown-Forman_Corp.,Brown–Forman
CHRW,C. H. Robinson Worldwide,reports,Industrials,Air Freight & Logistics,"Eden Prairie, Minnesota",3/2/2007,1043277,,https://en.wikipedia.org/wiki/C._H._Robinson_Worldwide,C. H. Robinson
CDNS,Cadence Design Systems,reports,Information Technology,Application Software,"San Jose, California",9/18/2017,813672,,https://en.wikipedia.org/wiki/Cadence_Design_Systems,Cadence Design Systems
CPB,Campbell Soup,reports,Consumer Staples,Packaged Foods & Meats,"Camden, New Jersey",,16732,1869,https://en.wikipedia.org/wiki/Campbell_Soup,Campbell Soup Company
COF,Capital One Financial,reports,Financials,Consumer Finance,"Tysons Corner, Virginia",7/1/1998,927628,1935,https://en.wikipedia.org/wiki/Capital_One_Financial,Capital One
CPRI,Capri Holdings,reports,Consumer Discretionary,"Apparel, Accessories & Luxury Goods","New York, New York",11/13/2013,1530721,,https://en.wikipedia.org/wiki/Capri_Holdings,Capri Holdings
CAH,Cardinal Health Inc.,reports,Health Care,Health Care Distributors,"Dublin, Ohio",5/27/1997,721371,,https://en.wikipedia.org/wiki/Cardinal_Health_Inc.,Cardinal Health
KMX,Carmax Inc,reports,Consumer Discretionary,Specialty Stores,"Richmond, Virginia",6/28/2010,1170010,,https://en.wikipedia.org/wiki/Carmax_Inc,CarMax
CCL,Carnival Corp.,reports,Consumer Discretionary,"Hotels, Resorts & Cruise Lines","Miami, Florida",12/22/1998,815097,,https://en.wikipedia.org/wiki/Carnival_Corp.,Carnival Corporation & plc
CAT,Caterpillar Inc.,reports,Industrials,Construction Machinery & Heavy Trucks,"Deerfield, Illinois",,18230,1925,https://en.wikipedia.org/wiki/Caterpillar_Inc.,Caterpillar Inc.
CBOE,Cboe Global Markets,reports,Financials,Financial Exchanges & Data,"Chicago, Illinois",3/1/2017,1374310,,https://en.wikipedia.org/wiki/Cboe_Global_Markets,Cboe Global Markets
CBRE,CBRE Group,reports,Real Estate,Real Estate Services,"Los Angeles, California",11/10/2006,1138118,,https://en.wikipedia.org/wiki/CBRE_Group,CBRE Group
CDW,CDW,reports,Information Technology,Technology Distributors,"Lincolnshire, Illinois",9/23/2019,1402057,1984,https://en.wikipedia.org/wiki/CDW,CDW
CE,Celanese,reports,Materials,Specialty Chemicals,"Irving, Texas",12/24/2018,1306830,,https://en.wikipedia.org/wiki/Celanese,Celanese
CNC,Centene Corporation,reports,Health Care,Managed Health Care,"St Louis, Missouri",3/30/2016,1071739,,https://en.wikipedia.org/wiki/Centene_Corporation,Centene Corporation
CNP,CenterPoint Energy,reports,Utilities,Multi-Utilities,"Houston, Texas",7/31/1985,1130310,,https://en.wikipedia.org/wiki/CenterPoint_Energy,CenterPoint Energy
CERN,Cerner,reports,Health Care,Health Care Technology,"North Kansas City, Missouri",4/30/2010,804753,,https://en.wikipedia.org/wiki/Cerner,Cerner
CF,CF Industries Holdings Inc,reports,Materials,Fertilizers & Agricultural Chemicals,"Deerfield, Illinois",8/27/2008,1324404,,https://en.wikipedia.org/wiki/CF_Industries_Holdings_Inc,CF Industries
SCHW,Charles Schwab Corporation,reports,Financials,Investment Banking & Brokerage,"San Francisco, California",6/2/1997,316709,,https://en.wikipedia.org/wiki/Charles_Schwab_Corporation,Charles Schwab Corporation
CVX,Chevron Corp.,reports,Energy,Integrated Oil & Gas,"San Ramon, California",,93410,1879,https://en.wikipedia.org/wiki/Chevron_Corp.,Chevron Corporation
CMG,Chipotle Mexican Grill,reports,Consumer Discretionary,Restaurants,"Newport Beach, California",4/28/2011,1058090,,https://en.wikipedia.org/wiki/Chipotle_Mexican_Grill,Chipotle Mexican Grill
CB,Chubb Limited,reports,Financials,Property & Casualty Insurance,"Zurich, Switzerland",7/15/2010,896159,,https://en.wikipedia.org/wiki/Chubb_Limited,Chubb Limited
CHD,Church & Dwight,reports,Consumer Staples,Household Products,"Ewing, New Jersey",12/29/2015,313927,,https://en.wikipedia.org/wiki/Church_%26_Dwight,Church & Dwight
CI,CIGNA Corp.,reports,Health Care,Managed Health Care,"Bloomfield, Connecticut",6/30/1976,701221,,https://en.wikipedia.org/wiki/CIGNA_Corp.,Cigna
XEC,Cimarex Energy,reports,Energy,Oil & Gas Exploration & Production,"Denver, Colorado",6/21/2014,1168054,,https://en.wikipedia.org/wiki/Cimarex_Energy,Cimarex Energy
CINF,Cincinnati Financial,reports,Financials,Property & Casualty Insurance,"Fairfield, Ohio",12/18/1997,20286,,https://en.wikipedia.org/wiki/Cincinnati_Financial,Cincinnati Financial
CTAS,Cintas Corporation,reports,Industrials,Diversified Support Services,"Mason, Ohio",3/1/2001,723254,,https://en.wikipedia.org/wiki/Cintas_Corporation,Cintas
CSCO,Cisco Systems,reports,Information Technology,Communications Equipment,"San Jose, California",12/1/1993,858877,,https://en.wikipedia.org/wiki/Cisco_Systems,Cisco Systems
C,Citigroup Inc.,reports,Financials,Diversified Banks,"New York, New York",5/31/1988,831001,,https://en.wikipedia.org/wiki/Citigroup_Inc.,Citigroup
CFG,Citizens Financial Group,reports,Financials,Regional Banks,"Providence, Rhode Island",1/29/2016,759944,,https://en.wikipedia.org/wiki/Citizens_Financial_Group,Citizens
CTXS,Citrix Systems,reports,Information Technology,Application Software,"Fort Lauderdale, Florida",12/1/1999,877890,,https://en.wikipedia.org/wiki/Citrix_Systems,Citrix Systems
CLX,The Clorox Company,reports,Consumer Staples,Household Products,"Oakland, California",3/31/1969,21076,1913,https://en.wikipedia.org/wiki/The_Clorox_Company,Clorox
CME,CME Group Inc.,reports,Financials,Financial Exchanges & Data,"Chicago, Illinois",8/11/2006,1156375,,https://en.wikipedia.org/wiki/CME_Group_Inc.,CME Group
CTSH,Cognizant Technology Solutions,reports,Information Technology,IT Consulting & Other Services,"Teaneck, New Jersey",11/17/2006,1058290,,https://en.wikipedia.org/wiki/Cognizant_Technology_Solutions,Cognizant Technology Solutions
CL,Colgate-Palmolive,reports,Consumer Staples,Household Products,"New York, New York",,21665,1806,https://en.wikipedia.org/wiki/Colgate-Palmolive,Colgate-Palmolive
CMCSA,Comcast Corp.,reports,Communication Services,Cable & Satellite,"Philadelphia, Pennsylvania",9/18/2015,1166691,,https://en.wikipedia.org/wiki/Comcast_Corp.,Comcast
CMA,Comerica Inc.,reports,Financials,Diversified Banks,"Dallas, Texas",12/1/1995,28412,,https://en.wikipedia.org/wiki/Comerica_Inc.,Comerica
CAG,Conagra Brands,reports,Consumer Staples,Packaged Foods & Meats,"Chicago, Illinois",8/31/1983,23217,,https://en.wikipedia.org/wiki/Conagra_Brands,Conagra Brands
CXO,Concho Resources,reports,Energy,Oil & Gas Exploration & Production,"Midland, Texas",2/22/2016,1358071,,https://en.wikipedia.org/wiki/Concho_Resources,Concho
COP,ConocoPhillips,reports,Energy,Oil & Gas Exploration & Production,"Houston, Texas",,1163165,2002,https://en.wikipedia.org/wiki/ConocoPhillips,ConocoPhillips
ED,Consolidated Edison,reports,Utilities,Electric Utilities,"New York, New York",,1047862,1823,https://en.wikipedia.org/wiki/Consolidated_Edison,Consolidated Edison
STZ,Constellation Brands,reports,Consumer Staples,Distillers & Vintners,"Victor, New York",7/1/2005,16918,,https://en.wikipedia.org/wiki/Constellation_Brands,Constellation Brands
CMS,CMS Energy,reports,Utilities,Multi-Utilities,"Jackson, Michigan",5/3/1999,811156,,https://en.wikipedia.org/wiki/CMS_Energy,Consumers Energy
CPRT,Copart Inc,reports,Industrials,Diversified Support Services,"Dallas, Texas",7/2/2018,900075,,https://en.wikipedia.org/wiki/Copart_Inc,Copart
GLW,Corning Inc.,reports,Information Technology,Electronic Components,"Corning, New York",,24741,1851,https://en.wikipedia.org/wiki/Corning_Inc.,Corning Inc.
CTVA,Corteva,reports,Materials,Fertilizers & Agricultural Chemicals,"Wilmington, Delaware",6/3/2019,1755672,2019,https://en.wikipedia.org/wiki/Corteva,Corteva
COST,Costco Wholesale Corp.,reports,Consumer Staples,Hypermarkets & Super Centers,"Issaquah, Washington",10/1/1993,909832,,https://en.wikipedia.org/wiki/Costco_Wholesale_Corp.,Costco
COG,Cabot Oil & Gas,reports,Energy,Oil & Gas Exploration & Production,"Houston, Texas",6/23/2008,858470,,https://en.wikipedia.org/wiki/Cabot_Oil_%26_Gas,Coterra
COTY,"Coty, Inc",reports,Consumer Staples,Personal Products,"New York, New York",10/3/2016,1024305,,"https://en.wikipedia.org/wiki/Coty,_Inc",Coty Inc.
CCI,Crown Castle International Corp.,reports,Real Estate,Specialized REITs,"Houston, Texas",3/14/2012,1051470,,https://en.wikipedia.org/wiki/Crown_Castle_International_Corp.,Crown Castle
CSX,CSX Corp.,reports,Industrials,Railroads,"Jacksonville, Florida",9/30/1967,277948,1980,https://en.wikipedia.org/wiki/CSX_Corp.,CSX Corporation
CMI,Cummins Inc.,reports,Industrials,Industrial Machinery,"Columbus, Indiana",3/31/1965,26172,1919,https://en.wikipedia.org/wiki/Cummins_Inc.,Cummins
CVS,CVS Health,reports,Health Care,Health Care Services,"Woonsocket, Rhode Island",,64803,1996,https://en.wikipedia.org/wiki/CVS_Health,CVS Health
DHI,D. R. Horton,reports,Consumer Discretionary,Homebuilding,"Fort Worth, Texas",,882184,1978,https://en.wikipedia.org/wiki/D._R._Horton,D.R. Horton
DHR,Danaher Corp.,reports,Health Care,Health Care Equipment,"Washington, D.C.",,313616,1969,https://en.wikipedia.org/wiki/Danaher_Corp.,Danaher Corporation
DRI,Darden Restaurants,reports,Consumer Discretionary,Restaurants,"Orlando, Florida",,940944,1938,https://en.wikipedia.org/wiki/Darden_Restaurants,Darden Restaurants
DVA,DaVita Inc.,reports,Health Care,Health Care Facilities,"Denver, Colorado",7/31/2008,927066,,https://en.wikipedia.org/wiki/DaVita_Inc.,DaVita Inc.
DAL,Delta Air Lines Inc.,reports,Industrials,Airlines,"Atlanta, Georgia",9/11/2013,27904,,https://en.wikipedia.org/wiki/Delta_Air_Lines_Inc.,Delta Air Lines
XRAY,Dentsply Sirona,reports,Health Care,Health Care Supplies,"York, Pennsylvania",11/14/2008,818479,,https://en.wikipedia.org/wiki/Dentsply_Sirona,Dentsply Sirona
DVN,Devon Energy,reports,Energy,Oil & Gas Exploration & Production,"Oklahoma City, Oklahoma",8/30/2000,1090012,,https://en.wikipedia.org/wiki/Devon_Energy,Devon Energy
FANG,Diamondback Energy,reports,Energy,Oil & Gas Exploration & Production,"Midland, Texas",12/3/2018,1539838,2007,https://en.wikipedia.org/wiki/Diamondback_Energy,Diamondback Energy
DLR,Digital Realty Trust Inc,reports,Real Estate,Specialized REITs,"San Francisco, California",5/18/2016,1297996,,https://en.wikipedia.org/wiki/Digital_Realty_Trust,Digital Realty
DFS,Discover Financial Services,reports,Financials,Consumer Finance,"Riverwoods, Illinois",7/2/2007,1393612,,https://en.wikipedia.org/wiki/Discover_Financial_Services,Discover Financial
DISCA,Discovery Inc. Class A,reports,Communication Services,Broadcasting,"Silver Spring, Maryland",3/1/2010,1437107,,"https://en.wikipedia.org/wiki/Discovery,_Inc.","Discovery, Inc."
DISH,Dish Network,reports,Communication Services,Cable & Satellite,"Meridian, Colorado",3/13/2017,1001082,,https://en.wikipedia.org/wiki/Dish_Network,Dish Network
DG,Dollar General,reports,Consumer Discretionary,General Merchandise Stores,"Goodlettsville, Tennessee",12/3/2012,29534,,https://en.wikipedia.org/wiki/Dollar_General,Dollar General
DLTR,Dollar Tree,reports,Consumer Discretionary,General Merchandise Stores,"Chesapeake, Virginia",12/19/2011,935703,,https://en.wikipedia.org/wiki/Dollar_Tree,Dollar Tree
D,Dominion Energy,reports,Utilities,Electric Utilities,"Richmond, Virginia",,715957,1983,https://en.wikipedia.org/wiki/Dominion_Energy,Dominion Energy
DOV,Dover Corp.,reports,Industrials,Industrial Machinery,"Downers Grove, Illinois",10/31/1985,29905,,https://en.wikipedia.org/wiki/Dover_Corp.,Dover Corporation
DOW,Dow Inc.,reports,Materials,Commodity Chemicals,"Midland, Michigan",4/1/2019,1751788,2019,https://en.wikipedia.org/wiki/Dow_Inc.,Dow Inc.
DTE,DTE Energy Co.,reports,Utilities,Multi-Utilities,"Detroit, Michigan",,936340,1995,https://en.wikipedia.org/wiki/DTE_Energy_Co.,DTE Energy
DUK,Duke Energy,reports,Utilities,Electric Utilities,"Charlotte, North Carolina",6/30/1976,1326160,,https://en.wikipedia.org/wiki/Duke_Energy,Duke Energy
DRE,Duke Realty Corp,reports,Real Estate,Industrial REITs,"Indianapolis, Indiana",7/26/2017,783280,,https://en.wikipedia.org/wiki/Duke_Realty_Corp,Duke Realty
DD,DuPont de Nemours Inc,reports,Materials,Specialty Chemicals,"Midland, Michigan",,1666700,2017,https://en.wikipedia.org/wiki/DuPont_de_Nemours_Inc,DuPont
DXC,DXC Technology,reports,Information Technology,IT Consulting & Other Services,"Tysons Corner, Virginia",4/4/2017,1688568,,https://en.wikipedia.org/wiki/DXC_Technology,DXC Technology
EMN,Eastman Chemical,reports,Materials,Diversified Chemicals,"Kingsport, Tennessee",1/1/1994,915389,,https://en.wikipedia.org/wiki/Eastman_Chemical,Eastman Chemical Company
ETN,Eaton Corporation,reports,Industrials,Electrical Components & Equipment,"Dublin, Ireland",,1551182,1911,https://en.wikipedia.org/wiki/Eaton_Corporation,Eaton Corporation
EBAY,eBay Inc.,reports,Consumer Discretionary,Internet & Direct Marketing Retail,"San Jose, California",,1065088,1995,https://en.wikipedia.org/wiki/EBay_Inc.,eBay
ECL,Ecolab Inc.,reports,Materials,Specialty Chemicals,"St. Paul, Minnesota",1/31/1989,31462,,https://en.wikipedia.org/wiki/Ecolab_Inc.,Ecolab
EW,Edwards Lifesciences,reports,Health Care,Health Care Equipment,"Irvine, California",4/1/2011,1099800,,https://en.wikipedia.org/wiki/Edwards_Lifesciences,Edwards Lifesciences
EA,Electronic Arts,reports,Communication Services,Interactive Home Entertainment,"Redwood City, California",7/22/2002,712515,,https://en.wikipedia.org/wiki/Electronic_Arts,Electronic Arts
ANTM,Anthem,reports,Health Care,Managed Health Care,"Indianapolis, Indiana",7/25/2002,1156039,2014 (1940s),https://en.wikipedia.org/wiki/Anthem_(company),Elevance Health
LLY,Lilly (Eli) & Co.,reports,Health Care,Pharmaceuticals,"Indianapolis, Indiana",12/31/1970,59478,1876,https://en.wikipedia.org/wiki/Lilly_(Eli)_%26_Co.,Eli Lilly and Company
EMR,Emerson Electric Company,reports,Industrials,Electrical Components & Equipment,"Ferguson, Missouri",3/31/1965,32604,1890,https://en.wikipedia.org/wiki/Emerson_Electric_Company,Emerson Electric
ETR,Entergy Corp.,reports,Utilities,Electric Utilities,"New Orleans, Louisiana",,65984,1913,https://en.wikipedia.org/wiki/Entergy_Corp.,Entergy
EOG,EOG Resources,reports,Energy,Oil & Gas Exploration & Production,"Houston, Texas",11/2/2000,821189,,https://en.wikipedia.org/wiki/EOG_Resources,EOG Resources
EFX,Equifax Inc.,reports,Industrials,Research & Consulting Services,"Atlanta, Georgia",6/19/1997,33185,,https://en.wikipedia.org/wiki/Equifax_Inc.,Equifax
EQIX,Equinix,reports,Real Estate,Specialized REITs,"Redwood City, California",3/20/2015,1101239,,https://en.wikipedia.org/wiki/Equinix,Equinix
EQR,Equity Residential,reports,Real Estate,Residential REITs,"Chicago, Illinois",12/3/2001,906107,,https://en.wikipedia.org/wiki/Equity_Residential,Equity Residential
ESS,"Essex Property Trust, Inc.",reports,Real Estate,Residential REITs,"Palo Alto, California",4/2/2014,920522,,"https://en.wikipedia.org/wiki/Essex_Property_Trust,_Inc.",Essex Property Trust
RE,Everest Re Group Ltd.,reports,Financials,Reinsurance,"Hamilton, Bermuda",6/19/2017,1095073,,https://en.wikipedia.org/wiki/Everest_Re,Everest Re
EVRG,Evergy,reports,Utilities,Electric Utilities,"Kansas City, Missouri",6/5/2018,1711269,1909,https://en.wikipedia.org/wiki/Evergy,Evergy
ES,Eversource Energy,reports,Utilities,Multi-Utilities,"Springfield, Massachusetts",,72741,1966,https://en.wikipedia.org/wiki/Eversource_Energy,Eversource Energy
EXC,Exelon Corp.,reports,Utilities,Multi-Utilities,"Chicago, Illinois",,1109357,2000,https://en.wikipedia.org/wiki/Exelon_Corp.,Exelon
EXPE,Expedia Group,reports,Consumer Discretionary,Internet & Direct Marketing Retail,"Bellevue, Washington",10/2/2007,1324424,,https://en.wikipedia.org/wiki/Expedia_Group,Expedia Group
EXPD,Expeditors,reports,Industrials,Air Freight & Logistics,"Seattle, Washington",10/10/2007,746515,,https://en.wikipedia.org/wiki/Expeditors_International,Expeditors International
EXR,Extra Space Storage,reports,Real Estate,Specialized REITs,"Salt Lake City, Utah",1/19/2016,1289490,,https://en.wikipedia.org/wiki/Extra_Space_Storage,Extra Space Storage
XOM,Exxon Mobil Corp.,reports,Energy,Integrated Oil & Gas,"Irving, Texas",,34088,1999,https://en.wikipedia.org/wiki/Exxon_Mobil_Corp.,ExxonMobil
FFIV,F5 Networks,reports,Information Technology,Communications Equipment,"Seattle, Washington",12/20/2010,1048695,1996,https://en.wikipedia.org/wiki/F5_Networks,"F5, Inc."
FAST,Fastenal Co,reports,Industrials,Building Products,"Winona, Minnesota",9/15/2009,815556,,https://en.wikipedia.org/w/index.php?title=Fastenal_Co&action=edit&redlink=1,Fastenal Co
FRT,Federal Realty Investment Trust,reports,Real Estate,Retail REITs,"Rockville, Maryland",2/1/2016,34903,,https://en.wikipedia.org/wiki/Federal_Realty_Investment_Trust,Federal Realty Investment Trust
FDX,FedEx Corporation,reports,Industrials,Air Freight & Logistics,"Memphis, Tennessee",12/31/1980,1048911,,https://en.wikipedia.org/wiki/FedEx_Corporation,FedEx
FITB,Fifth Third Bancorp,reports,Financials,Regional Banks,"Cincinnati, Ohio",,35527,1858,https://en.wikipedia.org/wiki/Fifth_Third_Bancorp,Fifth Third Bank
FRC,First Republic Bank,reports,Financials,Regional Banks,"San Francisco, California",1/2/2019,1132979,1985,https://en.wikipedia.org/wiki/First_Republic_Bank,First Republic Bank
FE,FirstEnergy Corp,reports,Utilities,Electric Utilities,"Akron, Ohio",,1031296,1997,https://en.wikipedia.org/wiki/FirstEnergy_Corp,FirstEnergy
FIS,Fidelity National Information Services,reports,Information Technology,Data Processing & Outsourced Services,"Jacksonville, Florida",11/10/2006,1136893,,https://en.wikipedia.org/wiki/Fidelity_National_Information_Services,FIS
FISV,Fiserv Inc,reports,Information Technology,Data Processing & Outsourced Services,"Brookfield, Wisconsin",4/2/2001,798354,,https://en.wikipedia.org/wiki/Fiserv_Inc,Fiserv
FLT,FleetCor Technologies Inc,reports,Information Technology,Data Processing & Outsourced Services,"Norcross, Georgia",6/20/2018,1175454,2000,https://en.wikipedia.org/wiki/Fleetcor,Fleetcor
FLS,Flowserve Corporation,reports,Industrials,Industrial Machinery,"Irving, Texas",10/2/2008,30625,,https://en.wikipedia.org/wiki/Flowserve_Corporation,Flowserve
FMC,FMC Corporation,reports,Materials,Fertilizers & Agricultural Chemicals,"Philadelphia, Pennsylvania",8/19/2009,37785,,https://en.wikipedia.org/wiki/FMC_Corporation,FMC Corporation
F,Ford Motor,reports,Consumer Discretionary,Automobile Manufacturers,"Dearborn, Michigan",,37996,1903,https://en.wikipedia.org/wiki/Ford_Motor,Ford Motor Company
FTNT,Fortinet,reports,Information Technology,Systems Software,"Sunnyvale, California",10/11/2018,1262039,2000,https://en.wikipedia.org/wiki/Fortinet,Fortinet
FOXA,Fox Corporation Class A,reports,Communication Services,Movies & Entertainment,"New York, New York",7/1/2013,1308161,,https://en.wikipedia.org/wiki/Fox_Corporation_Class_A,Fox Corporation
BEN,Franklin Resources,reports,Financials,Asset Management & Custody Banks,"San Mateo, California",,38777,1947,https://en.wikipedia.org/wiki/Franklin_Resources,Franklin Templeton Investments
FCX,Freeport-McMoRan Inc.,reports,Materials,Copper,"Phoenix, Arizona",,831259,1912,https://en.wikipedia.org/wiki/Freeport-McMoRan_Inc.,Freeport-McMoRan
GPS,Gap Inc.,reports,Consumer Discretionary,Apparel Retail,"San Francisco, California",8/31/1986,39911,,https://en.wikipedia.org/wiki/Gap_Inc.,Gap Inc.
GRMN,Garmin Ltd.,reports,Consumer Discretionary,Consumer Electronics,"Schaffhausen, Switzerland",12/12/2012,1121788,,https://en.wikipedia.org/wiki/Garmin_Ltd.,Garmin
IT,Gartner Inc,reports,Information Technology,IT Consulting & Other Services,"Stamford, Connecticut",4/5/2017,749251,,https://en.wikipedia.org/wiki/Gartner,Gartner
GD,General Dynamics,reports,Industrials,Aerospace & Defense,"Falls Church, Virginia",,40533,1899,https://en.wikipedia.org/wiki/General_Dynamics,General Dynamics
GE,General Electric,reports,Industrials,Industrial Conglomerates,"Boston, Massachusetts",,40545,1892,https://en.wikipedia.org/wiki/General_Electric,General Electric
GIS,General Mills,reports,Consumer Staples,Packaged Foods & Meats,"Golden Valley, Minnesota",3/31/1969,40704,1856,https://en.wikipedia.org/wiki/General_Mills,General Mills
GM,General Motors,reports,Consumer Discretionary,Automobile Manufacturers,"Detroit, Michigan",6/6/2013,1467858,,https://en.wikipedia.org/wiki/General_Motors,General Motors
GPC,Genuine Parts,reports,Consumer Discretionary,Specialty Stores,"Atlanta, Georgia",12/31/1973,40987,1925,https://en.wikipedia.org/wiki/Genuine_Parts,Genuine Parts Company
GILD,Gilead Sciences,reports,Health Care,Biotechnology,"Foster City, California",7/1/2004,882095,,https://en.wikipedia.org/wiki/Gilead_Sciences,Gilead Sciences
GPN,Global Payments Inc.,reports,Information Technology,Data Processing & Outsourced Services,"Atlanta, Georgia",4/25/2016,1123360,,https://en.wikipedia.org/wiki/Global_Payments_Inc.,Global Payments
GL,Globe Life Inc.,reports,Financials,Life & Health Insurance,"McKinney, Texas",4/30/1989,320335,,https://en.wikipedia.org/wiki/Torchmark_Corp.,Globe Life
GS,Goldman Sachs Group,reports,Financials,Investment Banking & Brokerage,"New York, New York",7/22/2002,886982,,https://en.wikipedia.org/wiki/Goldman_Sachs_Group,Goldman Sachs
GWW,Grainger (W.W.) Inc.,reports,Industrials,Industrial Machinery,"Lake Forest, Illinois",6/30/1981,277135,,https://en.wikipedia.org/wiki/Grainger_(W.W.)_Inc.,Grainger
HRB,H&R Block,reports,Consumer Discretionary,Specialized Consumer Services,"Kansas City, Missouri",11/30/1986,12659,,https://en.wikipedia.org/wiki/H%26R_Block,H&R Block
HAL,Halliburton Co.,reports,Energy,Oil & Gas Equipment & Services,"Houston, Texas",,45012,1919,https://en.wikipedia.org/wiki/Halliburton_Co.,Halliburton
HBI,Hanesbrands Inc,reports,Consumer Discretionary,"Apparel, Accessories & Luxury Goods","Winston-Salem, North Carolina",3/20/2015,1359841,,https://en.wikipedia.org/wiki/Hanesbrands_Inc,Hanesbrands
HOG,Harley-Davidson,reports,Consumer Discretionary,Motorcycle Manufacturers,"Milwaukee, Wisconsin",,793952,1903,https://en.wikipedia.org/wiki/Harley-Davidson,Harley-Davidson
HAS,Hasbro Inc.,reports,Consumer Discretionary,Leisure Products,"Pawtucket, Rhode Island",9/30/1984,46080,,https://en.wikipedia.org/wiki/Hasbro_Inc.,Hasbro
HCA,HCA Healthcare,reports,Health Care,Health Care Facilities,"Nashville, Tennessee",1/27/2015,860730,,https://en.wikipedia.org/wiki/HCA_Healthcare,HCA Healthcare
PEAK,Healthpeak Properties,reports,Real Estate,Health Care REITs,"Long Beach, California",3/31/2008,765880,,https://en.wikipedia.org/wiki/Healthpeak_Properties,Healthpeak Properties
HP,Helmerich & Payne,reports,Energy,Oil & Gas Drilling,"Tulsa, Oklahoma[5]",3/1/2010,46765,,https://en.wikipedia.org/wiki/Helmerich_%26_Payne,Helmerich & Payne
HSIC,Henry Schein,reports,Health Care,Health Care Distributors,"Melville, New York",3/17/2015,1000228,,https://en.wikipedia.org/wiki/Henry_Schein,Henry Schein
HES,Hess Corporation,reports,Energy,Integrated Oil & Gas,"New York, New York",5/31/1984,4447,,https://en.wikipedia.org/wiki/Hess_Corporation,Hess Corporation
HPE,Hewlett Packard Enterprise,reports,Information Technology,"Technology Hardware, Storage & Peripherals","Palo Alto, California",11/2/2015,1645590,,https://en.wikipedia.org/wiki/Hewlett_Packard_Enterprise,Hewlett Packard Enterprise
HLT,Hilton Worldwide Holdings Inc,reports,Consumer Discretionary,"Hotels, Resorts & Cruise Lines","Tysons Corner, Virginia",6/19/2017,1585689,,https://en.wikipedia.org/wiki/Hilton_Worldwide_Holdings_Inc,Hilton Worldwide
HFC,HollyFrontier Corp,reports,Energy,Oil & Gas Refining & Marketing,"Dallas, Texas",6/18/2018,48039,,https://en.wikipedia.org/wiki/HollyFrontier,HollyFrontier Corporation
HOLX,Hologic,reports,Health Care,Health Care Equipment,"Marlborough, Massachusetts",3/30/2016,859737,,https://en.wikipedia.org/wiki/Hologic,Hologic
HON,Honeywell Int'l Inc.,reports,Industrials,Industrial Conglomerates,"Morristown, New Jersey",3/31/1964,773840,1906,https://en.wikipedia.org/wiki/Honeywell_Int%27l_Inc.,Honeywell
HRL,Hormel Foods Corp.,reports,Consumer Staples,Packaged Foods & Meats,"Austin, Minnesota",3/4/2009,48465,,https://en.wikipedia.org/wiki/Hormel_Foods_Corp.,Hormel Foods
HST,Host Hotels & Resorts,reports,Real Estate,Hotel & Resort REITs,"Bethesda, Maryland",3/20/2007,1070750,,https://en.wikipedia.org/wiki/Host_Hotels_%26_Resorts,Host Hotels & Resorts
HPQ,HP Inc.,reports,Information Technology,"Technology Hardware, Storage & Peripherals","Palo Alto, California",12/31/1974,47217,1939 (2015),https://en.wikipedia.org/wiki/HP_Inc.,HP Inc.
HUM,Humana Inc.,reports,Health Care,Managed Health Care,"Louisville, Kentucky",,49071,1961,https://en.wikipedia.org/wiki/Humana_Inc.,Humana
HBAN,Huntington Bancshares,reports,Financials,Regional Banks,"Columbus, Ohio",,49196,1866,https://en.wikipedia.org/wiki/Huntington_Bancshares,Huntington Bancshares
HII,Huntington Ingalls Industries,reports,Industrials,Aerospace & Defense,"Newport News, Virginia",1/3/2018,1501585,,https://en.wikipedia.org/wiki/Huntington_Ingalls_Industries,Huntington Ingalls Industries
IBM,International Business Machines,reports,Information Technology,IT Consulting & Other Services,"Armonk, New York",,51143,1911,https://en.wikipedia.org/wiki/IBM,IBM
IEX,IDEX Corporation,reports,Industrials,Industrial Machinery,"Lake Forest, Illinois",8/9/2019,832101,1988,https://en.wikipedia.org/wiki/IDEX_Corporation,IDEX Corporation
IDXX,IDEXX Laboratories,reports,Health Care,Health Care Equipment,"Westbrook, Maine",1/5/2017,874716,,https://en.wikipedia.org/wiki/Idexx_Laboratories,Idexx Laboratories
INFO,IHS Markit Ltd.,reports,Industrials,Research & Consulting Services,"London, United Kingdom",6/2/2017,1598014,,https://en.wikipedia.org/wiki/IHS_Markit,IHS Markit
ITW,Illinois Tool Works,reports,Industrials,Industrial Machinery,"Glenview, Illinois",2/28/1986,49826,,https://en.wikipedia.org/wiki/Illinois_Tool_Works,Illinois Tool Works
ILMN,Illumina Inc,reports,Health Care,Life Sciences Tools & Services,"San Diego, California",11/19/2015,1110803,,https://en.wikipedia.org/wiki/Illumina_(company),"Illumina, Inc."
INCY,Incyte,reports,Health Care,Biotechnology,"Wilmington, Delaware",2/28/2017,879169,,https://en.wikipedia.org/wiki/Incyte,Incyte
INTC,Intel Corp.,reports,Information Technology,Semiconductors,"Santa Clara, California",12/31/1976,50863,,https://en.wikipedia.org/wiki/Intel_Corp.,Intel
ICE,Intercontinental Exchange,reports,Financials,Financial Exchanges & Data,"Atlanta, Georgia",9/26/2007,1571949,,https://en.wikipedia.org/wiki/Intercontinental_Exchange,Intercontinental Exchange
IFF,Intl Flavors & Fragrances,reports,Materials,Specialty Chemicals,"New York, New York",3/31/1976,51253,,https://en.wikipedia.org/wiki/Intl_Flavors_%26_Fragrances,International Flavors & Fragrances
IP,International Paper,reports,Materials,Paper Packaging,"Memphis, Tennessee",,51434,1898,https://en.wikipedia.org/wiki/International_Paper,International Paper
INTU,Intuit Inc.,reports,Information Technology,Application Software,"Mountain View, California",12/5/2000,896878,,https://en.wikipedia.org/wiki/Intuit_Inc.,Intuit
ISRG,Intuitive Surgical Inc.,reports,Health Care,Health Care Equipment,"Sunnyvale, California",6/2/2008,1035267,,https://en.wikipedia.org/wiki/Intuitive_Surgical_Inc.,Intuitive Surgical
IVZ,Invesco Ltd.,reports,Financials,Asset Management & Custody Banks,"Atlanta, Georgia",8/21/2008,914208,,https://en.wikipedia.org/wiki/Invesco_Ltd.,Invesco
IPGP,IPG Photonics Corp.,reports,Information Technology,Electronic Manufacturing Services,"Oxford, Massachusetts",3/7/2018,1111928,,https://en.wikipedia.org/wiki/IPG_Photonics,IPG Photonics
IQV,IQVIA Holdings Inc.,reports,Health Care,Life Sciences Tools & Services,"Durham, North Carolina",8/29/2017,1478242,,https://en.wikipedia.org/wiki/IQVIA,IQVIA
IRM,Iron Mountain Incorporated,reports,Real Estate,Specialized REITs,"Boston, Massachusetts",1/6/2009,1020569,,https://en.wikipedia.org/wiki/Iron_Mountain_Incorporated,Iron Mountain
JBHT,J. B. Hunt Transport Services,reports,Industrials,Trucking,"Lowell, Arkansas",7/1/2015,728535,,https://en.wikipedia.org/wiki/J._B._Hunt_Transport_Services,J.B. Hunt Transport
JKHY,Jack Henry & Associates,reports,Information Technology,Data Processing & Outsourced Services,"Monett, Missouri",11/13/2018,779152,,https://en.wikipedia.org/wiki/Jack_Henry_%26_Associates,Jack Henry & Associates
J,Jacobs Engineering Group,reports,Industrials,Construction & Engineering,"Pasadena, California",10/26/2007,52988,,https://en.wikipedia.org/wiki/Jacobs_Engineering_Group,Jacobs Engineering Group
DE,Deere & Co.,reports,Industrials,Agricultural & Farm Machinery,"Moline, Illinois",,315189,1837,https://en.wikipedia.org/wiki/Deere_%26_Co.,John Deere
JNJ,Johnson & Johnson,reports,Health Care,Pharmaceuticals,"New Brunswick, New Jersey",6/30/1973,200406,1886,https://en.wikipedia.org/wiki/Johnson_%26_Johnson,Johnson & Johnson
JCI,Johnson Controls International,reports,Industrials,Building Products,"Cork, Ireland",8/27/2010,833444,,https://en.wikipedia.org/wiki/Johnson_Controls,Johnson Controls
JNPR,Juniper Networks,reports,Information Technology,Communications Equipment,"Sunnyvale, California",,1043604,1996,https://en.wikipedia.org/wiki/Juniper_Networks,Juniper Networks
KSU,Kansas City Southern,reports,Industrials,Railroads,"Kansas City, Missouri",5/24/2013,54480,,https://en.wikipedia.org/wiki/Kansas_City_Southern_(company),Kansas City Southern
K,Kellogg Co.,reports,Consumer Staples,Packaged Foods & Meats,"Battle Creek, Michigan",,55067,1906,https://en.wikipedia.org/wiki/Kellogg_Co.,Kellogg Company
KEY,KeyCorp,reports,Financials,Regional Banks,"Cleveland, Ohio",3/1/1994,91576,,https://en.wikipedia.org/wiki/KeyCorp,KeyBank
KEYS,Keysight Technologies,reports,Information Technology,Electronic Equipment & Instruments,"Santa Rosa, California",11/6/2018,1601046,2014,https://en.wikipedia.org/wiki/Keysight_Technologies,Keysight
KMB,Kimberly-Clark,reports,Consumer Staples,Household Products,"Irving, Texas",,55785,1872,https://en.wikipedia.org/wiki/Kimberly-Clark,Kimberly-Clark
KIM,Kimco Realty,reports,Real Estate,Retail REITs,"New Hyde Park, New York",4/4/2006,879101,,https://en.wikipedia.org/wiki/Kimco_Realty,Kimco Realty
KMI,Kinder Morgan,reports,Energy,Oil & Gas Storage & Transportation,"Houston, Texas",5/25/2012,1506307,,https://en.wikipedia.org/wiki/Kinder_Morgan,Kinder Morgan
KLAC,KLA Corporation,reports,Information Technology,Semiconductor Equipment,"Milpitas, California",,319201,1975/1977 (1997),https://en.wikipedia.org/wiki/KLA_Corporation,KLA Corporation
KSS,Kohl's Corp.,reports,Consumer Discretionary,General Merchandise Stores,"Menomonee Falls, Wisconsin",,885639,1962,https://en.wikipedia.org/wiki/Kohl%27s_Corp.,Kohl's
KHC,Kraft Heinz Co,reports,Consumer Staples,Packaged Foods & Meats,"Chicago, Illinois; Pittsburgh, Pennsylvania",7/6/2015,1637459,,https://en.wikipedia.org/wiki/Kraft_Heinz,Kraft Heinz
KR,Kroger Co.,reports,Consumer Staples,Food Retail,"Cincinnati, Ohio",,56873,1883,https://en.wikipedia.org/wiki/Kroger_Co.,Kroger
LHX,L3Harris Technologies,reports,Industrials,Aerospace & Defense,"Melbourne, Florida",,202058,,https://en.wikipedia.org/wiki/L3Harris_Technologies,L3Harris Technologies
LH,Laboratory Corp. of America Holding,reports,Health Care,Health Care Services,"Burlington, North Carolina",11/1/2004,920148,,https://en.wikipedia.org/wiki/Laboratory_Corp._of_America_Holding,Labcorp
LRCX,Lam Research,reports,Information Technology,Semiconductor Equipment,"Fremont, California",6/29/2012,707549,,https://en.wikipedia.org/wiki/Lam_Research,Lam Research
LW,Lamb Weston Holdings Inc,reports,Consumer Staples,Packaged Foods & Meats,"Eagle, Idaho",12/3/2018,1679273,,https://en.wikipedia.org/wiki/Lamb_Weston_Holdings_Inc,Lamb Weston
LVS,Las Vegas Sands,reports,Consumer Discretionary,Casinos & Gaming,"Las Vegas, Nevada",10/3/2019,1300514,,https://en.wikipedia.org/wiki/Las_Vegas_Sands,Las Vegas Sands
LEG,Leggett & Platt,reports,Consumer Discretionary,Home Furnishings,"Carthage, Missouri",,58492,1883,https://en.wikipedia.org/wiki/Leggett_%26_Platt,Leggett & Platt
LDOS,Leidos Holdings,reports,Information Technology,IT Consulting & Other Services,"Reston, Virginia",8/9/2019,1336920,1969,https://en.wikipedia.org/wiki/Leidos_Holdings,Leidos
LEN,Lennar Corp.,reports,Consumer Discretionary,Homebuilding,"Miami, Florida",10/4/2005,920760,,https://en.wikipedia.org/wiki/Lennar_Corp.,Lennar
LNC,Lincoln National,reports,Financials,Multi-line Insurance,"Radnor, Pennsylvania",6/30/1976,59558,,https://en.wikipedia.org/wiki/Lincoln_National,Lincoln National Corporation
LIN,Linde plc,reports,Materials,Industrial Gases,"Guildford, Surrey, United Kingdom",7/1/1992,1707925,,https://en.wikipedia.org/wiki/Linde_plc,Linde plc
LYV,Live Nation Entertainment,reports,Communications Services,Movies & Entertainment,"Beverly Hills, California",12/23/2019,1335258,1/25/2010,https://en.wikipedia.org/wiki/Live_Nation_Entertainment,Live Nation Entertainment
LKQ,LKQ Corporation,reports,Consumer Discretionary,Distributors,"Chicago, Illinois",5/23/2016,1065696,,https://en.wikipedia.org/wiki/LKQ_Corporation,LKQ Corporation
LMT,Lockheed Martin Corp.,reports,Industrials,Aerospace & Defense,"Bethesda, Maryland",7/31/1984,936468,,https://en.wikipedia.org/wiki/Lockheed_Martin_Corp.,Lockheed Martin
L,Loews Corp.,reports,Financials,Multi-line Insurance,"New York, New York",,60086,,https://en.wikipedia.org/wiki/Loews_Corp.,Loews Hotels & Co
LOW,Lowe's Cos.,reports,Consumer Discretionary,Home Improvement Retail,"Mooresville, North Carolina",2/29/1984,60667,1904/1946/1959,https://en.wikipedia.org/wiki/Lowe%27s_Cos.,Lowe's Home Improvement
CTL,CenturyLink Inc,reports,Communication Services,Integrated Telecommunication Services,"Monroe, Louisiana",3/25/1999,18926,,https://en.wikipedia.org/wiki/CenturyLink_Inc,Lumen Technologies
LYB,LyondellBasell,reports,Materials,Specialty Chemicals,"Rotterdam, Netherlands",9/5/2012,1489393,,https://en.wikipedia.org/wiki/LyondellBasell,LyondellBasell
MTB,M&T Bank Corp.,reports,Financials,Regional Banks,"Buffalo, New York",,36270,1856,https://en.wikipedia.org/wiki/M%26T_Bank_Corp.,M&T Bank
M,Macy's Inc.,reports,Consumer Discretionary,Department Stores,"Cincinnati, Ohio",,794367,1929,https://en.wikipedia.org/wiki/Macy%27s_Inc.,"Macy's, Inc."
MRO,Marathon Oil Corp.,reports,Energy,Oil & Gas Exploration & Production,"Houston, Texas",5/1/1991,101778,,https://en.wikipedia.org/wiki/Marathon_Oil_Corp.,Marathon Oil
MPC,Marathon Petroleum,reports,Energy,Oil & Gas Refining & Marketing,"Findlay, Ohio",7/1/2011,1510295,,https://en.wikipedia.org/wiki/Marathon_Petroleum,Marathon Petroleum
MKTX,MarketAxess,reports,Financials,Financial Exchanges & Data,"New York, New York",7/1/2019,1278021,2000,https://en.wikipedia.org/wiki/MarketAxess,MarketAxess
MAR,Marriott Int'l.,reports,Consumer Discretionary,"Hotels, Resorts & Cruise Lines","Bethesda, Maryland",,1048286,1927,https://en.wikipedia.org/wiki/Marriott_Int%27l.,Marriott International
MMC,Marsh & McLennan,reports,Financials,Insurance Brokers,"New York, New York",8/31/1987,62709,,https://en.wikipedia.org/wiki/Marsh_%26_McLennan,Marsh McLennan
MLM,Martin Marietta Materials,reports,Materials,Construction Materials,"Raleigh, North Carolina",7/2/2014,916076,,https://en.wikipedia.org/wiki/Martin_Marietta_Materials,Martin Marietta Materials
MAS,Masco Corp.,reports,Industrials,Building Products,"Taylor, Michigan",6/30/1981,62996,,https://en.wikipedia.org/wiki/Masco_Corp.,Masco
MA,Mastercard Inc.,reports,Information Technology,Data Processing & Outsourced Services,"Harrison, New York",7/18/2008,1141391,,https://en.wikipedia.org/wiki/Mastercard_Inc.,Mastercard
MXIM,Maxim Integrated Products Inc,reports,Information Technology,Semiconductors,"San Jose, California",12/3/2018,743316,1983,https://en.wikipedia.org/wiki/Maxim_Integrated,Maxim Integrated
MKC,McCormick & Co.,reports,Consumer Staples,Packaged Foods & Meats,"Sparks, Maryland",,63754,1889,https://en.wikipedia.org/wiki/McCormick_%26_Co.,McCormick & Company
MCD,McDonald's Corp.,reports,Consumer Discretionary,Restaurants,"Chicago, Illinois",6/30/1970,63908,1940,https://en.wikipedia.org/wiki/McDonald%27s_Corp.,McDonald's
MCK,McKesson Corp.,reports,Health Care,Health Care Distributors,"Irving, Texas",,927653,1833,https://en.wikipedia.org/wiki/McKesson_Corp.,McKesson Corporation
MDT,Medtronic plc,reports,Health Care,Health Care Equipment,"Dublin, Ireland",10/31/1986,1613103,,https://en.wikipedia.org/wiki/Medtronic_plc,Medtronic
MRK,Merck & Co.,reports,Health Care,Pharmaceuticals,"Whitehouse Station, New Jersey",,310158,1891,https://en.wikipedia.org/wiki/Merck_%26_Co.,Merck & Co.
FB,"Facebook, Inc.",reports,Communication Services,Interactive Media & Services,"Menlo Park, California",12/23/2013,1326801,,"https://en.wikipedia.org/wiki/Facebook,_Inc.",Meta Platforms
MET,MetLife Inc.,reports,Financials,Life & Health Insurance,"New York, New York",,1099219,1868,https://en.wikipedia.org/wiki/MetLife_Inc.,MetLife
MTD,Mettler Toledo,reports,Health Care,Life Sciences Tools & Services,"Columbus, Ohio",9/6/2016,1037646,,https://en.wikipedia.org/wiki/Mettler_Toledo,Mettler Toledo
MGM,MGM Resorts International,reports,Consumer Discretionary,Casinos & Gaming,"Paradise, Nevada",7/26/2017,789570,,https://en.wikipedia.org/wiki/MGM_Resorts_International,MGM Resorts International
MCHP,Microchip Technology,reports,Information Technology,Semiconductors,"Chandler, Arizona",9/7/2007,827054,,https://en.wikipedia.org/wiki/Microchip_Technology,Microchip Technology
MU,Micron Technology,reports,Information Technology,Semiconductors,"Boise, Idaho",9/27/1994,723125,,https://en.wikipedia.org/wiki/Micron_Technology,Micron Technology
MSFT,Microsoft Corp.,reports,Information Technology,Systems Software,"Redmond, Washington",6/1/1994,789019,1975,https://en.wikipedia.org/wiki/Microsoft_Corp.,Microsoft
MAA,Mid-America Apartments,reports,Real Estate,Residential REITs,"Memphis, Tennessee",12/2/2016,912595,,https://en.wikipedia.org/wiki/Mid-America_Apartments,Mid-America Apartment Communities
MHK,Mohawk Industries,reports,Consumer Discretionary,Home Furnishings,"Amsterdam, New York",12/23/2013,851968,,https://en.wikipedia.org/wiki/Mohawk_Industries,Mohawk Industries
TAP,Molson Coors Brewing Company,reports,Consumer Staples,Brewers,"Denver, Colorado",6/30/1976,24545,,https://en.wikipedia.org/wiki/Molson_Coors_Brewing_Company,Molson Coors
MDLZ,Mondelez International,reports,Consumer Staples,Packaged Foods & Meats,"Deerfield, Illinois",10/2/2012,1103982,,https://en.wikipedia.org/wiki/Mondelez_International,Mondelez International
MNST,Monster Beverage,reports,Consumer Staples,Soft Drinks,"Corona, California",6/28/2012,865752,,https://en.wikipedia.org/wiki/Monster_Beverage,Monster Beverage
MCO,Moody's Corp,reports,Financials,Financial Exchanges & Data,"New York, New York",,1059556,1909,https://en.wikipedia.org/wiki/Moody%27s_Corp,Moody's Corporation
MS,Morgan Stanley,reports,Financials,Investment Banking & Brokerage,"New York, New York",,895421,1935,https://en.wikipedia.org/wiki/Morgan_Stanley,Morgan Stanley
MSI,Motorola Solutions Inc.,reports,Information Technology,Communications Equipment,"Schaumburg, Illinois",,68505,1928 (2011),https://en.wikipedia.org/wiki/Motorola_Solutions_Inc.,Motorola Solutions
MSCI,MSCI Inc,reports,Financials,Financial Exchanges & Data,"New York, New York",4/4/2018,1408198,,https://en.wikipedia.org/wiki/MSCI_Inc,MSCI
MYL,Mylan N.V.,reports,Health Care,Pharmaceuticals,"Amsterdam, Netherlands",4/23/2004,1623613,,https://en.wikipedia.org/wiki/Mylan_N.V.,Mylan
NDAQ,"Nasdaq, Inc.",reports,Financials,Financial Exchanges & Data,"New York, New York",10/22/2008,1120193,,"https://en.wikipedia.org/wiki/Nasdaq,_Inc.","Nasdaq, Inc."
NOV,National Oilwell Varco Inc.,reports,Energy,Oil & Gas Equipment & Services,"Houston, Texas",3/14/2005,1021860,,https://en.wikipedia.org/wiki/National_Oilwell_Varco_Inc.,National Oilwell Varco
NTAP,NetApp,reports,Information Technology,"Technology Hardware, Storage & Peripherals","Sunnyvale, California",6/25/1999,1002047,,https://en.wikipedia.org/wiki/NetApp,NetApp
NFLX,Netflix Inc.,reports,Communication Services,Movies & Entertainment,"Los Gatos, California",12/20/2010,1065280,1997,https://en.wikipedia.org/wiki/Netflix_Inc.,Netflix
NWL,Newell Brands,reports,Consumer Discretionary,Housewares & Specialties,"Hoboken, New Jersey",4/30/1989,814453,,https://en.wikipedia.org/wiki/Newell_Brands,Newell Brands
NEM,Newmont Goldcorp,reports,Materials,Gold,"Denver, Colorado",6/30/1969,1164727,1921,https://en.wikipedia.org/wiki/Newmont_Goldcorp,Newmont
NWSA,News Corp. Class A,reports,Communication Services,Publishing,"New York, New York",8/1/2013,1564708,,https://en.wikipedia.org/wiki/News_Corp._Class_A,News Corp
NEE,NextEra Energy,reports,Utilities,Multi-Utilities,"Juno Beach, Florida",6/30/1976,753308,,https://en.wikipedia.org/wiki/NextEra_Energy,NextEra Energy
NLSN,Nielsen Holdings,reports,Industrials,Research & Consulting Services,"New York, New York",7/9/2013,1492633,,https://en.wikipedia.org/wiki/Nielsen_Holdings,Nielsen Holdings
NKE,Nike,reports,Consumer Discretionary,"Apparel, Accessories & Luxury Goods","Washington County, Oregon",11/30/1988,320187,,https://en.wikipedia.org/wiki/Nike_(company),"Nike, Inc."
NI,NiSource Inc.,reports,Utilities,Multi-Utilities,"Merrillville, Indiana",,1111711,1912,https://en.wikipedia.org/wiki/NiSource_Inc.,NiSource
NBL,Noble Energy Inc,reports,Energy,Oil & Gas Exploration & Production,"Houston, Texas",10/8/2007,72207,,https://en.wikipedia.org/wiki/Noble_Energy_Inc,Noble Energy
JWN,Nordstrom,reports,Consumer Discretionary,Department Stores,"Seattle, Washington",8/31/1986,72333,,https://en.wikipedia.org/wiki/Nordstrom,Nordstrom
NSC,Norfolk Southern Corp.,reports,Industrials,Railroads,"Norfolk, Virginia",,702165,1881/1894 (1980),https://en.wikipedia.org/wiki/Norfolk_Southern_Corp.,Norfolk Southern Railway
NTRS,Northern Trust Corp.,reports,Financials,Asset Management & Custody Banks,"Chicago, Illinois",,73124,1889,https://en.wikipedia.org/wiki/Northern_Trust_Corp.,Northern Trust
NOC,Northrop Grumman,reports,Industrials,Aerospace & Defense,"West Falls Church, Virginia",6/30/1985,1133421,,https://en.wikipedia.org/wiki/Northrop_Grumman,Northrop Grumman
NLOK,NortonLifeLock,reports,Information Technology,Application Software,"Tempe, Arizona",3/25/2003,849399,,https://en.wikipedia.org/wiki/NortonLifeLock,NortonLifeLock
NCLH,Norwegian Cruise Line Holdings,reports,Consumer Discretionary,"Hotels, Resorts & Cruise Lines","Miami, Florida",10/13/2017,1513761,,https://en.wikipedia.org/wiki/Norwegian_Cruise_Line_Holdings,Norwegian Cruise Line Holdings
NRG,NRG Energy,reports,Utilities,Independent Power Producers & Energy Traders,"Princeton, New Jersey",1/29/2010,1013871,,https://en.wikipedia.org/wiki/NRG_Energy,NRG Energy
NUE,Nucor Corp.,reports,Materials,Steel,"Charlotte, North Carolina",4/30/1985,73309,,https://en.wikipedia.org/wiki/Nucor_Corp.,Nucor
NVDA,Nvidia Corporation,reports,Information Technology,Semiconductors,"Santa Clara, California",11/30/2001,1045810,,https://en.wikipedia.org/wiki/Nvidia_Corporation,Nvidia
NVR,NVR Inc,reports,Consumer Discretionary,Homebuilding,"Reston, VA",9/26/2019,906163,,https://en.wikipedia.org/wiki/NVR_Inc,"NVR, Inc."
OXY,Occidental Petroleum,reports,Energy,Oil & Gas Exploration & Production,"Houston, Texas",12/31/1982,797468,,https://en.wikipedia.org/wiki/Occidental_Petroleum,Occidental Petroleum
ODFL,Old Dominion Freight Line,reports,Industrials,Trucking,"Thomasville, North Carolina",12/9/2019,878927,,https://en.wikipedia.org/wiki/Old_Dominion_Freight_Line,Old Dominion Freight Line
OMC,Omnicom Group,reports,Communication Services,Advertising,"New York, New York",,29989,1986,https://en.wikipedia.org/wiki/Omnicom_Group,Omnicom Group
OKE,ONEOK,reports,Energy,Oil & Gas Storage & Transportation,"Tulsa, Oklahoma",3/15/2010,1039684,,https://en.wikipedia.org/wiki/ONEOK,Oneok
ORCL,Oracle Corp.,reports,Information Technology,Application Software,"Redwood Shores, California",8/31/1989,1341439,,https://en.wikipedia.org/wiki/Oracle_Corp.,Oracle Corporation
ORLY,O'Reilly Automotive,reports,Consumer Discretionary,Specialty Stores,"Springfield, Missouri",3/27/2009,898173,,https://en.wikipedia.org/wiki/O%27Reilly_Automotive,O'Reilly Auto Parts
PCAR,PACCAR Inc.,reports,Industrials,Construction Machinery & Heavy Trucks,"Bellevue, Washington",12/31/1980,75362,,https://en.wikipedia.org/wiki/PACCAR_Inc.,Paccar
PKG,Packaging Corporation of America,reports,Materials,Paper Packaging,"Lake Forest, Illinois",7/26/2017,75677,,https://en.wikipedia.org/wiki/Packaging_Corporation_of_America,Packaging Corporation of America
VIAC,ViacomCBS,reports,Communication Services,Movies & Entertainment,"New York, New York",,1339947,,https://en.wikipedia.org/wiki/ViacomCBS,Paramount
PH,Parker-Hannifin,reports,Industrials,Industrial Machinery,"Cleveland, Ohio",11/30/1985,76334,,https://en.wikipedia.org/wiki/Parker-Hannifin,Parker Hannifin
PAYX,Paychex Inc.,reports,Information Technology,Data Processing & Outsourced Services,"Penfield, New York",,723531,1971,https://en.wikipedia.org/wiki/Paychex_Inc.,Paychex
PYPL,PayPal,reports,Information Technology,Data Processing & Outsourced Services,"San Jose, California",7/20/2015,1633917,,https://en.wikipedia.org/wiki/PayPal,PayPal
PNR,Pentair plc,reports,Industrials,Industrial Machinery,"Worsley, UK",10/1/2012,77360,,https://en.wikipedia.org/wiki/Pentair,Pentair
PBCT,People's United Financial,reports,Financials,Thrifts & Mortgage Finance,"Bridgeport, Connecticut",11/13/2008,1378946,,https://en.wikipedia.org/wiki/People%27s_United_Financial,People's United Financial
PEP,PepsiCo Inc.,reports,Consumer Staples,Soft Drinks,"Purchase, New York",,77476,1898,https://en.wikipedia.org/wiki/PepsiCo_Inc.,PepsiCo
PKI,PerkinElmer,reports,Health Care,Health Care Equipment,"Waltham, Massachusetts",5/31/1985,31791,,https://en.wikipedia.org/wiki/PerkinElmer,PerkinElmer
PRGO,Perrigo,reports,Health Care,Pharmaceuticals,"Dublin, Ireland",12/19/2011,1585364,,https://en.wikipedia.org/wiki/Perrigo,Perrigo
PFE,Pfizer Inc.,reports,Health Care,Pharmaceuticals,"New York, New York",,78003,1849,https://en.wikipedia.org/wiki/Pfizer_Inc.,Pfizer
PM,Philip Morris International,reports,Consumer Staples,Tobacco,"New York, New York",3/31/2008,1413329,,https://en.wikipedia.org/wiki/Philip_Morris_International,Philip Morris International
PSX,Phillips 66,reports,Energy,Oil & Gas Refining & Marketing,"Houston, Texas",5/1/2012,1534701,,https://en.wikipedia.org/wiki/Phillips_66,Phillips 66
PXD,Pioneer Natural Resources,reports,Energy,Oil & Gas Exploration & Production,"Irving, Texas",9/24/2008,1038357,,https://en.wikipedia.org/wiki/Pioneer_Natural_Resources,Pioneer Natural Resources
PNC,PNC Financial Services,reports,Financials,Regional Banks,"Pittsburgh, Pennsylvania",4/30/1988,713676,,https://en.wikipedia.org/wiki/PNC_Financial_Services,PNC Financial Services Group
PPG,PPG Industries,reports,Materials,Specialty Chemicals,"Pittsburgh, Pennsylvania",,79879,1883,https://en.wikipedia.org/wiki/PPG_Industries,PPG
PPL,PPL Corp.,reports,Utilities,Electric Utilities,"Allentown, Pennsylvania",,922224,,https://en.wikipedia.org/wiki/PPL_Corp.,PPL Corporation
PFG,Principal Financial Group,reports,Financials,Life & Health Insurance,"Des Moines, Iowa",7/22/2002,1126328,,https://en.wikipedia.org/wiki/Principal_Financial_Group,Principal Financial Group
PG,Procter & Gamble,reports,Consumer Staples,Personal Products,"Cincinnati, Ohio",,80424,1837,https://en.wikipedia.org/wiki/Procter_%26_Gamble,Procter & Gamble
PGR,Progressive Corp.,reports,Financials,Property & Casualty Insurance,"Mayfield Village, Ohio",8/4/1997,80661,,https://en.wikipedia.org/wiki/Progressive_Corp.,Progressive Corporation
PLD,Prologis,reports,Real Estate,Industrial REITs,"San Francisco, California",7/17/2003,1045609,,https://en.wikipedia.org/wiki/Prologis,Prologis
PRU,Prudential Financial,reports,Financials,Life & Health Insurance,"Newark, New Jersey",7/22/2002,1137774,,https://en.wikipedia.org/wiki/Prudential_Financial,Prudential
PEG,Public Serv. Enterprise Inc.,reports,Utilities,Electric Utilities,"Newark, New Jersey",,788784,,https://en.wikipedia.org/wiki/Public_Serv._Enterprise_Inc.,Public Service Enterprise Group
PSA,Public Storage,reports,Real Estate,Specialized REITs,"Glendale, California",8/19/2005,1393311,,https://en.wikipedia.org/wiki/Public_Storage,Public Storage
PHM,Pulte Homes Inc.,reports,Consumer Discretionary,Homebuilding,"Atlanta, Georgia",4/30/1984,822416,,https://en.wikipedia.org/wiki/Pulte_Homes_Inc.,PulteGroup
PVH,PVH Corp.,reports,Consumer Discretionary,"Apparel, Accessories & Luxury Goods","New York, New York",2/15/2013,78239,,https://en.wikipedia.org/wiki/PVH_Corp.,PVH
QRVO,Qorvo,reports,Information Technology,Semiconductors,"Greensboro, North Carolina",6/11/2015,1604778,,https://en.wikipedia.org/wiki/Qorvo,Qorvo
QCOM,QUALCOMM Inc.,reports,Information Technology,Semiconductors,"San Diego, California",,804328,1985,https://en.wikipedia.org/wiki/QUALCOMM_Inc.,Qualcomm
PWR,Quanta Services Inc.,reports,Industrials,Construction & Engineering,"Houston, Texas",7/1/2009,1050915,,https://en.wikipedia.org/wiki/Quanta_Services_Inc.,Quanta Services
DGX,Quest Diagnostics,reports,Health Care,Health Care Services,"Madison, New Jersey",12/12/2002,1022079,,https://en.wikipedia.org/wiki/Quest_Diagnostics,Quest Diagnostics
RL,Ralph Lauren Corporation,reports,Consumer Discretionary,"Apparel, Accessories & Luxury Goods","New York, New York",2/2/2007,1037038,,https://en.wikipedia.org/wiki/Ralph_Lauren_Corporation,Ralph Lauren Corporation
RJF,Raymond James Financial Inc.,reports,Financials,Investment Banking & Brokerage,"St. Petersburg, Florida",3/20/2017,720005,,https://en.wikipedia.org/wiki/Raymond_James_Financial_Inc.,Raymond James Financial
RTN,Raytheon Co.,reports,Industrials,Aerospace & Defense,"Waltham, Massachusetts",,1047122,1922,https://en.wikipedia.org/wiki/Raytheon_Co.,Raytheon Technologies
O,Realty Income Corporation,reports,Real Estate,Retail REITs,"San Diego, California",4/7/2015,726728,,https://en.wikipedia.org/wiki/Realty_Income_Corporation,Realty Income
REG,Regency Centers Corporation,reports,Real Estate,Retail REITs,"Jacksonville, Florida",3/2/2017,910606,,https://en.wikipedia.org/wiki/Regency_Centers_Corporation,Regency Centers
REGN,Regeneron Pharmaceuticals,reports,Health Care,Biotechnology,"Tarrytown, New York",5/1/2013,872589,,https://en.wikipedia.org/wiki/Regeneron_Pharmaceuticals,Regeneron Pharmaceuticals
RF,Regions Financial Corp.,reports,Financials,Regional Banks,"Birmingham, Alabama",8/28/1998,1281761,,https://en.wikipedia.org/wiki/Regions_Financial_Corp.,Regions Financial Corporation
RSG,Republic Services Inc,reports,Industrials,Environmental & Facilities Services,"Phoenix, Arizona",12/5/2008,1060391,,https://en.wikipedia.org/wiki/Republic_Services_Inc,Republic Services
RMD,ResMed,reports,Health Care,Health Care Equipment,"San Diego, California",7/26/2017,943819,,https://en.wikipedia.org/wiki/ResMed,ResMed
RHI,Robert Half International,reports,Industrials,Human Resource & Employment Services,"Menlo Park, California",12/5/2000,315213,,https://en.wikipedia.org/wiki/Robert_Half_International,Robert Half
ROK,Rockwell Automation Inc.,reports,Industrials,Electrical Components & Equipment,"Milwaukee, Wisconsin",,1024478,,https://en.wikipedia.org/wiki/Rockwell_Automation_Inc.,Rockwell Automation
ROL,Rollins Inc.,reports,Industrials,Environmental & Facilities Services,"Atlanta, Georgia",10/1/2018,84839,,https://en.wikipedia.org/wiki/Rollins_Inc.,"Rollins, Inc."
ROP,Roper Technologies,reports,Industrials,Industrial Conglomerates,"Sarasota, Florida",12/23/2009,882835,,https://en.wikipedia.org/wiki/Roper_Technologies,Roper Technologies
ROST,Ross Stores,reports,Consumer Discretionary,Apparel Retail,"Pleasanton, California",12/21/2009,745732,,https://en.wikipedia.org/wiki/Ross_Stores,Ross Stores
RCL,Royal Caribbean Cruises Ltd,reports,Consumer Discretionary,"Hotels, Resorts & Cruise Lines","Miami, Florida",12/5/2014,884887,,https://en.wikipedia.org/wiki/Royal_Caribbean_Cruises_Ltd,Royal Caribbean Group
SPGI,"S&P Global, Inc.",reports,Financials,Financial Exchanges & Data,"New York, New York",,64040,,"https://en.wikipedia.org/wiki/S%26P_Global,_Inc.",S&P Global
CRM,Salesforce.com,reports,Information Technology,Application Software,"San Francisco, California",9/15/2008,1108524,,https://en.wikipedia.org/wiki/Salesforce.com,Salesforce
SBAC,SBA Communications,reports,Real Estate,Specialized REITs,"Boca Raton, Florida",9/1/2017,1034054,,https://en.wikipedia.org/wiki/SBA_Communications,SBA Communications
SLB,Schlumberger Ltd.,reports,Energy,Oil & Gas Equipment & Services,"Curaçao, Kingdom of the Netherlands",3/31/1965,87347,1926,https://en.wikipedia.org/wiki/Schlumberger_Ltd.,Schlumberger
STX,Seagate Technology,reports,Information Technology,"Technology Hardware, Storage & Peripherals","Dublin, Ireland",7/2/2012,1137789,,https://en.wikipedia.org/wiki/Seagate_Technology,Seagate Technology
SEE,Sealed Air,reports,Materials,Paper Packaging,"Elmwood Park, New Jersey",,1012100,,https://en.wikipedia.org/wiki/Sealed_Air_Corp.(New),Sealed Air
SRE,Sempra Energy,reports,Utilities,Multi-Utilities,"San Diego, California",,1032208,,https://en.wikipedia.org/wiki/Sempra_Energy,Sempra Energy
NOW,ServiceNow,reports,Information Technology,Systems Software,"Santa Clara, California",11/21/2019,1373715,2003,https://en.wikipedia.org/wiki/ServiceNow,ServiceNow
SHW,Sherwin-Williams,reports,Materials,Specialty Chemicals,"Cleveland, Ohio",6/30/1964,89800,1866,https://en.wikipedia.org/wiki/Sherwin-Williams,Sherwin-Williams
SIVB,SVB Financial,reports,Financials,Regional Banks,"Santa Clara, California",3/19/2018,719739,,https://en.wikipedia.org/wiki/SVB_Financial,Silicon Valley Bank
SPG,Simon Property Group Inc,reports,Real Estate,Retail REITs,"Indianapolis, Indiana",6/26/2002,1063761,2003,https://en.wikipedia.org/wiki/Simon_Property_Group_Inc,Simon Property Group
SWKS,Skyworks Solutions,reports,Information Technology,Semiconductors,"Woburn, Massachusetts",3/12/2015,4127,,https://en.wikipedia.org/wiki/Skyworks_Solutions,Skyworks Solutions
SLG,SL Green Realty,reports,Real Estate,Office REITs,"New York, New York",3/20/2015,1040971,,https://en.wikipedia.org/wiki/SL_Green_Realty,SL Green Realty
SNA,Snap-on,reports,Industrials,Industrial Machinery,"Kenosha, Wisconsin",9/30/1982,91440,1920,https://en.wikipedia.org/wiki/Snap-on,Snap-on
EIX,Edison Int'l,reports,Utilities,Electric Utilities,"Rosemead, California",,827052,1886,https://en.wikipedia.org/wiki/Edison_Int%27l,Southern California Edison
SO,Southern Co.,reports,Utilities,Electric Utilities,"Atlanta, Georgia",,92122,,https://en.wikipedia.org/wiki/Southern_Co.,Southern Company
LUV,Southwest Airlines,reports,Industrials,Airlines,"Dallas, Texas",7/1/1994,92380,,https://en.wikipedia.org/wiki/Southwest_Airlines,Southwest Airlines
CHTR,Charter Communications,reports,Communication Services,Cable & Satellite,"Stamford, Connecticut",9/8/2016,1091667,,https://en.wikipedia.org/wiki/Charter_Communications,Spectrum
SWK,Stanley Black & Decker,reports,Industrials,Industrial Machinery,"New Britain, Connecticut",9/30/1982,93556,,https://en.wikipedia.org/wiki/Stanley_Black_%26_Decker,Stanley Black & Decker
SBUX,Starbucks Corp.,reports,Consumer Discretionary,Restaurants,"Seattle, Washington",,829224,1971,https://en.wikipedia.org/wiki/Starbucks_Corp.,Starbucks
STT,State Street Corp.,reports,Financials,Asset Management & Custody Banks,"Boston, Massachusetts",,93751,,https://en.wikipedia.org/wiki/State_Street_Corp.,State Street Corporation
STE,STERIS plc,reports,Health Care,Health Care Equipment,"Dublin, Ireland",12/23/2019,1757898,,https://en.wikipedia.org/wiki/STERIS_plc,Steris
SYK,Stryker Corp.,reports,Health Care,Health Care Equipment,"Kalamazoo, Michigan",12/12/2000,310764,,https://en.wikipedia.org/wiki/Stryker_Corp.,Stryker Corporation
SYF,Synchrony Financial,reports,Financials,Consumer Finance,"Stamford, Connecticut",11/18/2015,1601712,,https://en.wikipedia.org/wiki/Synchrony_Financial,Synchrony Financial
SNPS,Synopsys Inc.,reports,Information Technology,Application Software,"Mountain View, California",3/16/2017,883241,,https://en.wikipedia.org/wiki/Synopsys_Inc.,Synopsys
SYY,Sysco Corp.,reports,Consumer Staples,Food Distributors,"Houston, Texas",12/31/1986,96021,,https://en.wikipedia.org/wiki/Sysco_Corp.,Sysco
TROW,T. Rowe Price Group,reports,Financials,Asset Management & Custody Banks,"Baltimore, Maryland",,1113169,1937,https://en.wikipedia.org/wiki/T._Rowe_Price_Group,T. Rowe Price
TTWO,Take-Two Interactive,reports,Communication Services,Interactive Home Entertainment,"New York, New York",3/19/2018,946581,,https://en.wikipedia.org/wiki/Take-Two_Interactive,Take-Two Interactive
TPR,"Tapestry, Inc.",reports,Consumer Discretionary,"Apparel, Accessories & Luxury Goods","New York, New York",,1116132,2017,"https://en.wikipedia.org/wiki/Tapestry,_Inc.","Tapestry, Inc."
TGT,Target Corp.,reports,Consumer Discretionary,General Merchandise Stores,"Minneapolis, Minnesota",12/31/1976,27419,,https://en.wikipedia.org/wiki/Target_Corp.,Target Corporation
TEL,TE Connectivity Ltd.,reports,Information Technology,Electronic Manufacturing Services,"Schaffhausen, Switzerland",10/17/2011,1385157,,https://en.wikipedia.org/wiki/TE_Connectivity,TE Connectivity
FTI,TechnipFMC,reports,Energy,Oil & Gas Equipment & Services,"London, United Kingdom",6/5/2009,1681459,,https://en.wikipedia.org/wiki/TechnipFMC,TechnipFMC
FLIR,FLIR Systems,reports,Information Technology,Electronic Equipment & Instruments,"Wilsonville, Oregon",1/2/2009,354908,,https://en.wikipedia.org/wiki/FLIR_Systems,Teledyne FLIR
TFX,Teleflex,reports,Health Care,Health Care Equipment,"Wayne, Pennsylvania",1/18/2019,96943,1943,https://en.wikipedia.org/wiki/Teleflex,Teleflex
TXN,Texas Instruments,reports,Information Technology,Semiconductors,"Dallas, Texas",,97476,1930,https://en.wikipedia.org/wiki/Texas_Instruments,Texas Instruments
TXT,Textron Inc.,reports,Industrials,Aerospace & Defense,"Providence, Rhode Island",12/31/1978,217346,,https://en.wikipedia.org/wiki/Textron_Inc.,Textron
KO,Coca-Cola Company,reports,Consumer Staples,Soft Drinks,"Atlanta, Georgia",,21344,1886,https://en.wikipedia.org/wiki/Coca-Cola_Company,The Coca-Cola Company
COO,The Cooper Companies,reports,Health Care,Health Care Supplies,"Pleasanton, California",9/23/2016,711404,,https://en.wikipedia.org/wiki/The_Cooper_Companies,The Cooper Companies
EL,Estee Lauder Cos.,reports,Consumer Staples,Personal Products,"New York, New York",1/5/2006,1001250,,https://en.wikipedia.org/wiki/Estee_Lauder_Cos.,The Estée Lauder Companies
HIG,Hartford Financial Svc.Gp.,reports,Financials,Property & Casualty Insurance,"Hartford, Connecticut",,874766,,https://en.wikipedia.org/wiki/Hartford_Financial_Svc.Gp.,The Hartford
HSY,The Hershey Company,reports,Consumer Staples,Packaged Foods & Meats,"Hershey, Pennsylvania",,47111,1894,https://en.wikipedia.org/wiki/The_Hershey_Company,The Hershey Company
HD,Home Depot,reports,Consumer Discretionary,Home Improvement Retail,"Atlanta, Georgia",3/31/1988,354950,,https://en.wikipedia.org/wiki/Home_Depot,The Home Depot
IPG,Interpublic Group,reports,Communication Services,Advertising,"New York, New York",10/1/1992,51644,,https://en.wikipedia.org/wiki/Interpublic_Group,The Interpublic Group of Companies
SJM,JM Smucker,reports,Consumer Staples,Packaged Foods & Meats,"Orrville, Ohio",11/6/2008,91419,,https://en.wikipedia.org/wiki/JM_Smucker,The J.M. Smucker Company
MOS,The Mosaic Company,reports,Materials,Fertilizers & Agricultural Chemicals,"Plymouth, Minnesota",9/26/2011,1285785,,https://en.wikipedia.org/wiki/The_Mosaic_Company,The Mosaic Company
TRV,The Travelers Companies Inc.,reports,Financials,Property & Casualty Insurance,"New York, New York",8/21/2002,86312,,https://en.wikipedia.org/wiki/The_Travelers_Companies_Inc.,The Travelers Companies
DIS,The Walt Disney Company,reports,Communication Services,Movies & Entertainment,"Burbank, California",6/30/1976,1001039,,https://en.wikipedia.org/wiki/The_Walt_Disney_Company,The Walt Disney Company
TMO,Thermo Fisher Scientific,reports,Health Care,Life Sciences Tools & Services,"Waltham, Massachusetts",,97745,2006,https://en.wikipedia.org/wiki/Thermo_Fisher_Scientific,Thermo Fisher Scientific
TIF,Tiffany & Co.,reports,Consumer Discretionary,"Apparel, Accessories & Luxury Goods","New York, New York",6/21/2000,98246,,https://en.wikipedia.org/wiki/Tiffany_%26_Co.,Tiffany & Co.
TJX,TJX Companies Inc.,reports,Consumer Discretionary,Apparel Retail,"Framingham, Massachusetts",9/30/1985,109198,,https://en.wikipedia.org/wiki/TJX_Companies_Inc.,TJX Companies
TMUS,T-Mobile US,reports,Communication Services,Wireless Telecommunication Services,"Bellevue, Washington",7/15/2019,1283699,,https://en.wikipedia.org/wiki/T-Mobile_US,T-Mobile US
TSCO,Tractor Supply Company,reports,Consumer Discretionary,Specialty Stores,"Brentwood, Tennessee",1/24/2014,916365,,https://en.wikipedia.org/wiki/Tractor_Supply_Company,Tractor Supply Company
IR,Ingersoll-Rand PLC,reports,Industrials,Industrial Machinery,"Dublin, Ireland",11/17/2010,1466258,,https://en.wikipedia.org/wiki/Ingersoll-Rand_PLC,Trane Technologies
TDG,TransDigm Group,reports,Industrials,Aerospace & Defense,"Cleveland, Ohio",6/3/2016,1260221,,https://en.wikipedia.org/wiki/TransDigm_Group,TransDigm Group
TWTR,"Twitter, Inc.",reports,Communication Services,Interactive Media & Services,"San Francisco, California",6/7/2018,1418091,,"https://en.wikipedia.org/wiki/Twitter,_Inc.","Twitter, Inc."
TSN,Tyson Foods,reports,Consumer Staples,Packaged Foods & Meats,"Springdale, Arkansas",,100493,,https://en.wikipedia.org/wiki/Tyson_Foods,Tyson Foods
USB,U.S. Bancorp,reports,Financials,Diversified Banks,"Minneapolis, Minnesota",,36104,1968,https://en.wikipedia.org/wiki/U.S._Bancorp,U.S. Bancorp
UDR,"UDR, Inc.",reports,Real Estate,Residential REITs,"Highlands Ranch, Colorado",3/7/2016,74208,,"https://en.wikipedia.org/wiki/UDR,_Inc.","UDR, Inc."
ULTA,Ulta Beauty,reports,Consumer Discretionary,Specialty Stores,"Bolingbrook, Illinois",4/18/2016,1403568,,https://en.wikipedia.org/wiki/Ulta_Beauty,Ulta Beauty
UAA,Under Armour Class A,reports,Consumer Discretionary,"Apparel, Accessories & Luxury Goods","Baltimore, Maryland",3/25/2016,1336917,,https://en.wikipedia.org/wiki/Under_Armour,Under Armour
UNP,Union Pacific Corp,reports,Industrials,Railroads,"Omaha, Nebraska",,100885,,https://en.wikipedia.org/wiki/Union_Pacific_Corp,Union Pacific Corporation
UAL,United Airlines Holdings,reports,Industrials,Airlines,"Chicago, Illinois",9/3/2015,100517,,https://en.wikipedia.org/wiki/United_Airlines_Holdings,United Airlines
UPS,United Parcel Service,reports,Industrials,Air Freight & Logistics,"Atlanta, Georgia",7/22/2002,1090727,,https://en.wikipedia.org/wiki/United_Parcel_Service,United Parcel Service
URI,"United Rentals, Inc.",reports,Industrials,Trading Companies & Distributors,"Stamford, Connecticut",9/20/2014,1067701,,"https://en.wikipedia.org/wiki/United_Rentals,_Inc.",United Rentals
UTX,United Technologies,reports,Industrials,Aerospace & Defense,"Hartford, Connecticut",,101829,,https://en.wikipedia.org/wiki/United_Technologies,United Technologies
UNH,United Health Group Inc.,reports,Health Care,Managed Health Care,"Minnetonka, Minnesota",7/1/1994,731766,,https://en.wikipedia.org/wiki/United_Health_Group_Inc.,UnitedHealth Group
UHS,"Universal Health Services, Inc.",reports,Health Care,Health Care Facilities,"King of Prussia, Pennsylvania",9/20/2014,352915,,"https://en.wikipedia.org/wiki/Universal_Health_Services,_Inc.",Universal Health Services
UNM,Unum Group,reports,Financials,Life & Health Insurance,"Chattanooga, Tennessee",3/1/1994,5513,,https://en.wikipedia.org/wiki/Unum_Group,Unum
VLO,Valero Energy,reports,Energy,Oil & Gas Refining & Marketing,"San Antonio, Texas",,1035002,1980,https://en.wikipedia.org/wiki/Valero_Energy,Valero Energy
VAR,Varian Medical Systems,reports,Health Care,Health Care Equipment,"Palo Alto, California",2/12/2007,203527,,https://en.wikipedia.org/wiki/Varian_Medical_Systems,Varian Medical Systems
VTR,Ventas Inc,reports,Real Estate,Health Care REITs,"Chicago, Illinois",3/4/2009,740260,,https://en.wikipedia.org/wiki/Ventas_Inc,Ventas
VRSN,Verisign Inc.,reports,Information Technology,Internet Services & Infrastructure,"Dulles, Virginia",2/1/2006,1014473,,https://en.wikipedia.org/wiki/Verisign_Inc.,Verisign
VRSK,Verisk Analytics,reports,Industrials,Research & Consulting Services,"Jersey City, New Jersey",10/8/2015,1442145,,https://en.wikipedia.org/wiki/Verisk_Analytics,Verisk Analytics
VZ,Verizon Communications,reports,Communication Services,Integrated Telecommunication Services,"New York, New York",11/30/1983,732712,,https://en.wikipedia.org/wiki/Verizon_Communications,Verizon Communications
VRTX,Vertex Pharmaceuticals Inc,reports,Health Care,Biotechnology,"Cambridge, Massachusetts",9/23/2013,875320,,https://en.wikipedia.org/wiki/Vertex_Pharmaceuticals_Inc,Vertex Pharmaceuticals
VFC,V.F. Corp.,reports,Consumer Discretionary,"Apparel, Accessories & Luxury Goods","Greensboro, North Carolina",6/30/1979,103379,,https://en.wikipedia.org/wiki/V.F._Corp.,VF Corporation
V,Visa Inc.,reports,Information Technology,Data Processing & Outsourced Services,"San Francisco, California",12/21/2009,1403161,,https://en.wikipedia.org/wiki/Visa_Inc.,Visa Inc.
VNO,Vornado Realty Trust,reports,Real Estate,Office REITs,"New York, New York",,899689,,https://en.wikipedia.org/wiki/Vornado_Realty_Trust,Vornado Realty Trust
VMC,Vulcan Materials,reports,Materials,Construction Materials,"Birmingham, Alabama",6/30/1999,1396009,,https://en.wikipedia.org/wiki/Vulcan_Materials,Vulcan Materials Company
WRB,W. R. Berkley Corporation,reports,Financials,Property & Casualty Insurance,"Greenwich, Connecticut",12/5/2019,11544,1967,https://en.wikipedia.org/wiki/W._R._Berkley_Corporation,W. R. Berkley Corporation
WAB,Wabtec Corporation,reports,Industrials,Construction Machinery & Heavy Trucks,"Wilmerding, Pennsylvania",2/27/2019,943452,,https://en.wikipedia.org/wiki/Wabtec_Corporation,Wabtec
WBA,Walgreens Boots Alliance,reports,Consumer Staples,Drug Retail,"Deerfield, Illinois",12/31/1979,1618921,,https://en.wikipedia.org/wiki/Walgreens_Boots_Alliance,Walgreens Boots Alliance
WMT,Walmart,reports,Consumer Staples,Hypermarkets & Super Centers,"Bentonville, Arkansas",8/31/1982,104169,,https://en.wikipedia.org/wiki/Walmart,Walmart
WM,Waste Management Inc.,reports,Industrials,Environmental & Facilities Services,"Houston, Texas",,823768,1968,https://en.wikipedia.org/wiki/Waste_Management_Inc.,Waste Management Inc.
WAT,Waters Corporation,reports,Health Care,Health Care Distributors,"Milford, Massachusetts",,1000697,1958,https://en.wikipedia.org/wiki/Waters_Corporation,Waters Corporation
WEC,Wec Energy Group Inc,reports,Utilities,Electric Utilities,"Milwaukee, Wisconsin",10/31/2008,783325,,https://en.wikipedia.org/wiki/Wec_Energy_Group_Inc,WEC Energy Group
WCG,WellCare,reports,Health Care,Managed Health Care,"Tampa, Florida",1985,1279363,,https://en.wikipedia.org/wiki/WellCare,WellCare
WFC,Wells Fargo,reports,Financials,Diversified Banks,"San Francisco, California",6/30/1976,72971,,https://en.wikipedia.org/wiki/Wells_Fargo,Wells Fargo
WELL,Welltower Inc.,reports,Real Estate,Health Care REITs,"Toledo, Ohio",1/30/2009,766704,,https://en.wikipedia.org/wiki/Welltower_Inc.,Welltower
WDC,Western Digital,reports,Information Technology,"Technology Hardware, Storage & Peripherals","Irvine, California",7/1/2009,106040,,https://en.wikipedia.org/wiki/Western_Digital,Western Digital
WU,Western Union Co,reports,Information Technology,Data Processing & Outsourced Services,"Englewood, Colorado",,1365135,1851,https://en.wikipedia.org/wiki/Western_Union_Co,Western Union
WRK,WestRock,reports,Materials,Paper Packaging,"Richmond, Virginia",,1636023,,https://en.wikipedia.org/wiki/WestRock,WestRock
WY,Weyerhaeuser,reports,Real Estate,Specialized REITs,"Federal Way, Washington",,106535,,https://en.wikipedia.org/wiki/Weyerhaeuser,Weyerhaeuser
WHR,Whirlpool Corp.,reports,Consumer Discretionary,Household Appliances,"Benton Harbor, Michigan",,106640,1911,https://en.wikipedia.org/wiki/Whirlpool_Corp.,Whirlpool Corporation
WMB,Williams Cos.,reports,Energy,Oil & Gas Storage & Transportation,"Tulsa, Oklahoma",3/31/1975,107263,,https://en.wikipedia.org/wiki/Williams_Cos.,Williams
WLTW,Willis Towers Watson,reports,Financials,Insurance Brokers,"London, United Kingdom",1/5/2016,1140536,,https://en.wikipedia.org/wiki/Willis_Towers_Watson,Willis Towers Watson
WYNN,Wynn Resorts Ltd,reports,Consumer Discretionary,Casinos & Gaming,"Paradise, Nevada",11/14/2008,1174922,,https://en.wikipedia.org/wiki/Wynn_Resorts_Ltd,Wynn Resorts
XEL,Xcel Energy Inc,reports,Utilities,Multi-Utilities,"Minneapolis, Minnesota",,72903,1909,https://en.wikipedia.org/wiki/Xcel_Energy_Inc,Xcel Energy
XRX,Xerox,reports,Information Technology,"Technology Hardware, Storage & Peripherals","Norwalk, Connecticut",,108772,1906,https://en.wikipedia.org/wiki/Xerox,Xerox
XLNX,Xilinx,reports,Information Technology,Semiconductors,"San Jose, California",11/8/1999,743988,,https://en.wikipedia.org/wiki/Xilinx,Xilinx
XYL,Xylem Inc.,reports,Industrials,Industrial Machinery,"White Plains, New York",11/1/2011,1524472,,https://en.wikipedia.org/wiki/Xylem_Inc.,Xylem
YUM,Yum! Brands Inc,reports,Consumer Discretionary,Restaurants,"Louisville, Kentucky",10/6/1997,1041061,,https://en.wikipedia.org/wiki/Yum!_Brands_Inc,Yum! Brands
ZBRA,Zebra Technologies,reports,Information Technology,Electronic Equipment & Instruments,"Lincolnshire, Illinois",12/23/2019,877212,1969,https://en.wikipedia.org/wiki/Zebra_Technologies,Zebra Technologies
ZBH,Zimmer Biomet Holdings,reports,Health Care,Health Care Equipment,"Warsaw, Indiana",8/7/2001,1136869,,https://en.wikipedia.org/wiki/Zimmer_Holdings,Zimmer Biomet
ZION,Zions Bancorp,reports,Financials,Regional Banks,"Salt Lake City, Utah",6/22/2001,109380,,https://en.wikipedia.org/wiki/Zions_Bancorp,Zions Bancorporation
ZTS,Zoetis,reports,Health Care,Pharmaceuticals,"Florham Park, New Jersey",6/21/2013,1555280,,https://en.wikipedia.org/wiki/Zoetis,Zoetis
